station,province
MACG,0
ANNAN,0
BANQIAO,0
CAILIAO,0
CB_R,0
CL_R,0
CW_A,0
CHANGHUA,0
CHAOZHOU,0
CHIAYI,0
DALI,0
DALIAO,0
DATONG,0
DAYUAN,0
DONGSHAN,0
DOULIU,0
EN_A,0
ERLIN,0
FENGSHAN,0
FENGYUAN,0
FUGUEICAPE,0
FUXING,0
GUANSHAN,0
GUANYIN,0
GUTING,0
HENGCHUN,0
PH1,0
PH5,0
HSINCHU,0
HUALIEN,0
HUKOU,0
KEELUNG,0
KINMEN,0
KC_A,0
KT_A,0
LINKOU,0
LINYUAN,0
CN_1361A,0
LONGTAN,0
LUNBEI,0
MAGONG,0
MAILIAO,0
MATSU,0
MEINONG,0
MIAOLI,0
MKaR,0
NANTOU,0
NANZI,0
PINGTUNG,0
PINGZHEN,0
PULI,0
PUZI,0
QIANJIN,0
QIANZHEN,0
QIAOTOU,0
RENWU,0
SANCHONG,0
SANYI,0
ST_A,0
SHALU,0
SP_A,0
SHANHUA,0
SHILIN,0
SONGSHAN,0
TP_A,0
TAINAN,0
TAITUNG,0
TAIXI,0
TAMSUI,0
TAOYUAN,0
MB_A,0
TOUFEN,0
TK_A,0
TW_A,0
TUCHENG,0
TM_A,0
TC_A,0
WANHUA,0
WANLI,0
XIANXI,0
XIAOGANG,0
XINDIAN,0
XINGANG,0
XINYING,0
XINZHUANG,0
XITUN,0
XIZHI,0
YANGMING,0
CN_1360A,0
YILAN,0
YONGHE,0
YL_A,0
ZHONGLI,0
ZHONGMING,0
ZHONGSHAN,0
ZHUDONG,0
ZHUSHAN,0
ZUOYING,0
XCNAQ666,0
XCNAQ665,0
XCNAQ667,0
XCNAQ021,0
XCNAQ473,0
XCNAQ474,0
XCNAQ729,0
XCNAQ728,0
XCNAQ2065,0
XCNAQ727,0
XCNAQ2070,0
XCNAQ2067,0
XCNAQ2072,0
XCNAQ2066,0
XCNAQ2063,0
XCNAQ2075,0
XCNAQ2074,0
XCNAQ2073,0
XCNAQ2076,0
XCNAQ2069,0
XCNAQ2068,0
XCNAQ2071,0
XCNAQ730,0
XCNAQ2064,0
XCNAQ2062,0
XCNAQ2061,0
XCNAQ294,0
XCNAQ2608,0
XCNAQ2605,0
XCNAQ2606,0
XCNAQ208,0
XCNAQ211,0
XCNAQ2604,0
XCNAQ2882,0
XCNAQ2603,0
XCNAQ2609,0
XCNAQ2610,0
XCNAQ1253,0
XCNAQ2607,0
XCNAQ209,0
XCNAQ1795,0
CN_1142A,0
XCNAQ1283,0
XCNAQ1826,0
XCNAQ1813,0
XCNAQ1802,0
XCNAQ1825,0
XCNAQ1820,0
XCNAQ1815,0
XCNAQ1821,0
XCNAQ1792,0
XCNAQ1822,0
XCNAQ1812,0
XCNAQ1786,0
XCNAQ1810,0
XCNAQ1811,0
XCNAQ1794,0
CN_1144A,0
XCNAQ1284,0
CN_1141A,0
XCNAQ1816,0
CN_1145A,0
XCNAQ1798,0
XCNAQ1797,0
XCNAQ1791,0
XCNAQ1808,0
XCNAQ1807,0
XCNAQ1801,0
CN_1148A,0
CN_1150A,0
XCNAQ1787,0
CN_1149A,0
CN_1143A,0
XCNAQ1809,0
XCNAQ1823,0
XCNAQ1814,0
XCNAQ1804,0
XCNAQ1824,0
XCNAQ1800,0
XCNAQ1803,0
XCNAQ1819,0
XCNAQ1789,0
XCNAQ1790,0
XCNAQ1788,0
XCNAQ1805,0
XCNAQ1806,0
CN_1146A,0
XCNAQ1817,0
XCNAQ1793,0
XCNAQ1796,0
XCNAQ1818,0
CN_1147A,0
XCNAQ1799,0
XCNAQ2268,0
XCNAQ2260,0
XCNAQ2266,0
XCNAQ783,0
XCNAQ2269,0
XCNAQ782,0
XCNAQ2261,0
XCNAQ784,0
XCNAQ2265,0
XCNAQ2271,0
XCNAQ2270,0
XCNAQ2264,0
XCNAQ2262,0
XCNAQ781,0
XCNAQ2267,0
XCNAQ2263,0
XCNAQ045,0
CN_1387A,0
CN_1390A,0
CN_1388A,0
CN_1391A,0
XCNAQ2840,0
XCNAQ2839,0
XCNAQ2841,0
CN_1389A,0
XCNAQ2325,0
XCNAQ2324,0
XCNAQ395,0
XCNAQ449,0
XCNAQ2326,0
XCNAQ1254,0
XCNAQ2320,0
XCNAQ2322,0
XCNAQ396,0
XCNAQ2321,0
XCNAQ2323,0
XCNAQ397,0
XCNAQ1067,0
XCNAQ1066,0
XCNAQ1068,0
XCNAQ2845,0
CN_1379A,0
XCNAQ2844,0
XCNAQ2842,0
CN_1380A,0
XCNAQ2843,0
CN_1382A,0
CN_1381A,0
XCNAQ091,0
XCNAQ1054,0
XCNAQ1053,0
XCNAQ507,0
XCNAQ2901,0
XCNAQ508,0
XCNAQ2900,0
XCNAQ1719,0
XCNAQ1721,0
XCNAQ068,0
XCNAQ1723,0
XCNAQ1713,0
XCNAQ1703,0
XCNAQ1717,0
XCNAQ1711,0
XCNAQ1720,0
XCNAQ1716,0
XCNAQ1240,0
XCNAQ1708,0
XCNAQ1710,0
XCNAQ1707,0
XCNAQ1286,0
XCNAQ069,0
XCNAQ066,0
XCNAQ065,0
XCNAQ1725,0
XCNAQ1722,0
XCNAQ1709,0
XCNAQ1714,0
XCNAQ1705,0
XCNAQ1718,0
XCNAQ1715,0
XCNAQ1724,0
XCNAQ1706,0
XCNAQ1704,0
XCNAQ2392,0
XCNAQ2395,0
XCNAQ398,0
XCNAQ2393,0
XCNAQ399,0
XCNAQ400,0
XCNAQ2394,0
XCNAQ401,0
XCNAQ990,0
XCNAQ989,0
XCNAQ1168,0
XCNAQ380,0
XCNAQ381,0
XCNAQ1169,0
XCNAQ1167,0
XCNAQ382,0
XCNAQ383,0
XCNAQ1934,0
CN_1269A,0
XCNAQ1930,0
XCNAQ1933,0
XCNAQ1935,0
XCNAQ1936,0
XCNAQ1932,0
XCNAQ1928,0
CN_1267A,0
XCNAQ1937,0
CN_1268A,0
XCNAQ1931,0
XCNAQ1929,0
XCNAQ987,0
XCNAQ988,0
XCNAQ986,0
XCNAQ503,0
XCNAQ504,0
XCNAQ1250,0
XCNAQ1775,0
XCNAQ1778,0
XCNAQ1774,0
XCNAQ2884,0
XCNAQ1777,0
XCNAQ1776,0
XCNAQ603,0
XCNAQ604,0
XCNAQ594,0
XCNAQ593,0
XCNAQ592,0
CN_1495A,0
CN_1494A,0
XCNAQ1249,0
CN_1491A,0
CN_1492A,0
CN_1490A,0
CN_1496A,0
CN_1493A,0
XCNAQ923,0
XCNAQ926,0
XCNAQ925,0
XCNAQ924,0
XCNAQ1274,0
XCNAQ2170,0
XCNAQ148,0
XCNAQ2172,0
XCNAQ2173,0
XCNAQ2183,0
XCNAQ151,0
XCNAQ1291,0
XCNAQ2176,0
XCNAQ147,0
XCNAQ2180,0
XCNAQ2175,0
XCNAQ2171,0
XCNAQ2174,0
XCNAQ2178,0
XCNAQ2179,0
XCNAQ2181,0
XCNAQ2182,0
XCNAQ153,0
XCNAQ146,0
XCNAQ150,0
XCNAQ152,0
XCNAQ2177,0
XCNAQ511,0
XCNAQ512,0
XCNAQ210,0
XCNAQ443,0
XCNAQ444,0
XCNAQ445,0
XCNAQ1096,0
XCNAQ346,0
XCNAQ715,0
XCNAQ2018,0
XCNAQ714,0
XCNAQ2017,0
XCNAQ2019,0
XCNAQ051,0
XCNAQ657,0
XCNAQ658,0
XCNAQ659,0
XCNAQ1088,0
XCNAQ1089,0
XCNAQ1090,0
CN_1378A,0
CN_1377A,0
XCNAQ2822,0
CN_1372A,0
XCNAQ2821,0
XCNAQ2818,0
CN_1373A,0
CN_1375A,0
XCNAQ047,0
CN_1371A,0
XCNAQ2820,0
XCNAQ025,0
CN_1374A,0
CN_1376A,0
XCNAQ2823,0
XCNAQ660,0
XCNAQ663,0
XCNAQ661,0
XCNAQ664,0
XCNAQ662,0
CN_1052A,0
XCNAQ1430,0
XCNAQ1428,0
XCNAQ1440,0
CN_1054A,0
XCNAQ1431,0
XCNAQ1417,0
XCNAQ1422,0
XCNAQ1437,0
XCNAQ1435,0
XCNAQ1433,0
XCNAQ1414,0
CN_1053A,0
XCNAQ1424,0
XCNAQ1420,0
XCNAQ1419,0
XCNAQ1421,0
XCNAQ1426,0
XCNAQ1413,0
XCNAQ1415,0
CN_1051A,0
XCNAQ1416,0
XCNAQ1423,0
CN_1056A,0
CN_1055A,0
XCNAQ1441,0
XCNAQ1427,0
XCNAQ1439,0
XCNAQ1438,0
XCNAQ1425,0
XCNAQ1434,0
XCNAQ1429,0
XCNAQ1436,0
XCNAQ1418,0
XCNAQ1432,0
XCNAQ982,0
XCNAQ983,0
XCNAQ2649,0
XCNAQ2648,0
XCNAQ558,0
XCNAQ2653,0
XCNAQ2652,0
XCNAQ2654,0
XCNAQ2655,0
XCNAQ560,0
XCNAQ559,0
XCNAQ557,0
XCNAQ2661,0
XCNAQ2660,0
XCNAQ2651,0
XCNAQ2650,0
XCNAQ2659,0
XCNAQ2658,0
XCNAQ2657,0
XCNAQ2656,0
XCNAQ2647,0
XCNAQ2646,0
XCNAQ1097,0
XCNAQ479,0
XCNAQ352,0
XCNAQ351,0
XCNAQ349,0
XCNAQ350,0
XCNAQ114,0
XCNAQ2015,0
XCNAQ713,0
XCNAQ712,0
XCNAQ711,0
XCNAQ710,0
XCNAQ2014,0
XCNAQ2013,0
XCNAQ2012,0
XCNAQ2016,0
XCNAQ968,0
XCNAQ967,0
XCNAQ966,0
XCNAQ964,0
XCNAQ965,0
CN_1476A,0
XCNAQ1300,0
CN_1477A,0
CN_1478A,0
CN_1475A,0
CN_1479A,0
XCNAQ167,0
XCNAQ1251,0
XCNAQ1779,0
XCNAQ605,0
XCNAQ607,0
XCNAQ606,0
XCNAQ920,0
XCNAQ921,0
XCNAQ922,0
XCNAQ919,0
XCNAQ962,0
XCNAQ961,0
XCNAQ960,0
XCNAQ963,0
XCNAQ959,0
XCNAQ163,0
XCNAQ041,0
XCNAQ078,0
XCNAQ422,0
XCNAQ1749,0
XCNAQ079,0
XCNAQ1747,0
XCNAQ077,0
XCNAQ365,0
XCNAQ1745,0
XCNAQ1750,0
XCNAQ1746,0
XCNAQ1748,0
XCNAQ080,0
CN_1001A,0
CN_1003A,0
XCNAQ005,0
XCNAQ004,0
XCNAQ009,0
XCNAQ038,0
XCNAQ1317,0
XCNAQ039,0
XCNAQ1313,0
XCNAQ1318,0
XCNAQ040,0
CN_1005A,0
XCNAQ003,0
XCNAQ1316,0
CN_1012A,0
XCNAQ1314,0
CN_1004A,0
CN_1011A,0
CN_1006A,0
CN_1002A,0
XCNAQ014,0
XCNAQ012,0
XCNAQ446,0
CN_1009A,0
CN_1010A,0
CN_1007A,0
XCNAQ007,0
XCNAQ1315,0
CN_1008A,0
XCNAQ010,0
XCNAQ275,0
XCNAQ276,0
XCNAQ274,0
XCNAQ277,0
XCNAQ2724,0
XCNAQ2725,0
XCNAQ822,0
XCNAQ2721,0
XCNAQ2727,0
XCNAQ820,0
XCNAQ2722,0
XCNAQ821,0
XCNAQ2728,0
XCNAQ2723,0
XCNAQ2720,0
XCNAQ2726,0
XCNAQ2730,0
XCNAQ2729,0
XCNAQ823,0
XCNAQ044,0
CN_1154A,0
CN_1159A,0
XCNAQ1827,0
XCNAQ1830,0
XCNAQ1828,0
XCNAQ1829,0
CN_1158A,0
CN_1153A,0
CN_1157A,0
CN_1156A,0
CN_1155A,0
CN_1152A,0
CN_1151A,0
XCNAQ288,0
XCNAQ287,0
XCNAQ284,0
XCNAQ289,0
XCNAQ285,0
XCNAQ286,0
CN_1405A,0
CN_1402A,0
CN_1406A,0
CN_1404A,0
CN_1403A,0
CN_1401A,0
CN_1408A,0
CN_1407A,0
XCNAQ2115,0
XCNAQ2118,0
XCNAQ2119,0
XCNAQ734,0
XCNAQ732,0
XCNAQ733,0
XCNAQ2117,0
XCNAQ2127,0
XCNAQ2130,0
XCNAQ2134,0
XCNAQ2133,0
XCNAQ2123,0
XCNAQ2122,0
XCNAQ2121,0
XCNAQ2120,0
XCNAQ2132,0
XCNAQ2128,0
XCNAQ2129,0
XCNAQ2131,0
XCNAQ2116,0
XCNAQ731,0
XCNAQ2126,0
XCNAQ2125,0
XCNAQ2124,0
XCNAQ2114,0
XCNAQ2153,0
CN_1293A,0
XCNAQ2158,0
XCNAQ2159,0
XCNAQ2161,0
CN_1294A,0
XCNAQ2160,0
XCNAQ1255,0
CN_1292A,0
CN_1296A,0
XCNAQ2156,0
CN_1290A,0
CN_1291A,0
CN_1298A,0
CN_1297A,0
XCNAQ2154,0
CN_1295A,0
XCNAQ2162,0
XCNAQ2155,0
XCNAQ2157,0
XCNAQ070,0
XCNAQ1835,0
XCNAQ1837,0
XCNAQ1838,0
XCNAQ1839,0
XCNAQ1836,0
CN_1168A,0
CN_1170A,0
CN_1171A,0
CN_1172A,0
CN_1169A,0
XCNAQ2620,0
XCNAQ2619,0
XCNAQ2612,0
XCNAQ2611,0
XCNAQ2625,0
XCNAQ2628,0
XCNAQ2626,0
XCNAQ2627,0
XCNAQ2614,0
XCNAQ2613,0
XCNAQ2629,0
XCNAQ2630,0
XCNAQ806,0
XCNAQ805,0
XCNAQ2621,0
XCNAQ2622,0
XCNAQ803,0
XCNAQ807,0
XCNAQ804,0
XCNAQ2624,0
XCNAQ2623,0
XCNAQ2615,0
XCNAQ2616,0
XCNAQ2632,0
XCNAQ2631,0
XCNAQ2618,0
XCNAQ2617,0
XCNAQ1079,0
XCNAQ1080,0
XCNAQ513,0
XCNAQ514,0
XCNAQ2053,0
XCNAQ2056,0
XCNAQ2059,0
XCNAQ2057,0
CN_1287A,0
XCNAQ2054,0
XCNAQ2058,0
CN_1289A,0
CN_1286A,0
XCNAQ2055,0
CN_1288A,0
XCNAQ048,0
XCNAQ654,0
XCNAQ653,0
XCNAQ655,0
XCNAQ656,0
XCNAQ482,0
XCNAQ483,0
XCNAQ1920,0
XCNAQ1927,0
XCNAQ1924,0
XCNAQ1923,0
CN_1256A,0
XCNAQ1921,0
XCNAQ1919,0
XCNAQ1926,0
XCNAQ1922,0
XCNAQ1925,0
CN_1257A,0
CN_1255A,0
CN_1271A,0
CN_1277A,0
XCNAQ1961,0
XCNAQ1964,0
CN_1275A,0
CN_1270A,0
CN_1278A,0
CN_1272A,0
CN_1276A,0
XCNAQ1963,0
XCNAQ1962,0
CN_1273A,0
XCNAQ1960,0
CN_1274A,0
CN_1279A,0
XCNAQ2232,0
XCNAQ2235,0
XCNAQ2225,0
XCNAQ2223,0
XCNAQ2226,0
XCNAQ2233,0
XCNAQ2227,0
XCNAQ768,0
XCNAQ769,0
XCNAQ2228,0
XCNAQ2229,0
XCNAQ2234,0
XCNAQ2230,0
XCNAQ767,0
XCNAQ2231,0
XCNAQ2224,0
XCNAQ770,0
XCNAQ111,0
XCNAQ107,0
XCNAQ1196,0
XCNAQ455,0
XCNAQ106,0
XCNAQ108,0
XCNAQ110,0
XCNAQ109,0
XCNAQ1073,0
XCNAQ1072,0
XCNAQ1740,0
XCNAQ1728,0
XCNAQ1733,0
XCNAQ1736,0
XCNAQ1741,0
XCNAQ1734,0
XCNAQ1729,0
XCNAQ1726,0
XCNAQ1737,0
XCNAQ1739,0
XCNAQ1727,0
XCNAQ1730,0
XCNAQ1735,0
XCNAQ1738,0
XCNAQ591,0
XCNAQ1731,0
XCNAQ1105,0
XCNAQ1104,0
XCNAQ1732,0
XCNAQ1223,0
XCNAQ240,0
XCNAQ1063,0
XCNAQ1065,0
XCNAQ1064,0
XCNAQ538,0
XCNAQ484,0
XCNAQ485,0
XCNAQ562,0
XCNAQ2667,0
XCNAQ2666,0
XCNAQ2675,0
XCNAQ2674,0
XCNAQ564,0
XCNAQ561,0
XCNAQ563,0
XCNAQ2663,0
XCNAQ2662,0
XCNAQ2669,0
XCNAQ2668,0
XCNAQ2673,0
XCNAQ2672,0
XCNAQ2665,0
XCNAQ2664,0
XCNAQ2670,0
XCNAQ2671,0
XCNAQ2679,0
XCNAQ2678,0
XCNAQ2676,0
XCNAQ2677,0
XCNAQ1769,0
XCNAQ598,0
XCNAQ1262,0
XCNAQ599,0
XCNAQ1768,0
XCNAQ1770,0
XCNAQ2906,0
XCNAQ1771,0
CN_1095A,0
CN_1092A,0
CN_1097A,0
CN_1090A,0
XCNAQ1744,0
XCNAQ1743,0
CN_1094A,0
CN_1091A,0
CN_1096A,0
XCNAQ1742,0
CN_1093A,0
XCNAQ1087,0
XCNAQ1086,0
XCNAQ837,0
XCNAQ2785,0
XCNAQ2786,0
XCNAQ836,0
XCNAQ835,0
XCNAQ2784,0
XCNAQ2783,0
XCNAQ2782,0
XCNAQ838,0
XCNAQ1298,0
XCNAQ369,0
XCNAQ323,0
XCNAQ324,0
XCNAQ325,0
XCNAQ1075,0
XCNAQ1074,0
CN_1136A,0
CN_1132A,0
CN_1139A,0
CN_1133A,0
CN_1129A,0
CN_1138A,0
CN_1130A,0
CN_1140A,0
CN_1134A,0
CN_1137A,0
CN_1131A,0
CN_1135A,0
XCNAQ1529,0
XCNAQ1528,0
XCNAQ1544,0
XCNAQ1535,0
XCNAQ1541,0
CN_1036A,0
XCNAQ1546,0
CN_1040A,0
XCNAQ1531,0
XCNAQ1548,0
CN_1041A,0
XCNAQ1547,0
XCNAQ1537,0
XCNAQ1539,0
XCNAQ1530,0
XCNAQ1526,0
XCNAQ1538,0
XCNAQ1534,0
XCNAQ1533,0
CN_1038A,0
XCNAQ1532,0
XCNAQ1540,0
XCNAQ1543,0
XCNAQ1545,0
XCNAQ1527,0
XCNAQ1524,0
XCNAQ1525,0
CN_1039A,0
CN_1037A,0
XCNAQ2642,0
XCNAQ2643,0
XCNAQ2637,0
XCNAQ2638,0
XCNAQ2639,0
XCNAQ2633,0
XCNAQ2634,0
XCNAQ2644,0
XCNAQ2645,0
XCNAQ808,0
XCNAQ2636,0
XCNAQ2635,0
XCNAQ810,0
XCNAQ811,0
XCNAQ809,0
XCNAQ2640,0
XCNAQ2641,0
XCNAQ1032,0
XCNAQ1281,0
XCNAQ1031,0
XCNAQ1084,0
XCNAQ1083,0
XCNAQ1085,0
XCNAQ1903,0
XCNAQ1207,0
XCNAQ1900,0
CN_1253A,0
XCNAQ1906,0
XCNAQ1905,0
XCNAQ1899,0
CN_1252A,0
XCNAQ1897,0
XCNAQ2879,0
XCNAQ1898,0
CN_1254A,0
XCNAQ1902,0
XCNAQ1904,0
XCNAQ1901,0
XCNAQ532,0
XCNAQ1220,0
XCNAQ533,0
XCNAQ630,0
XCNAQ631,0
XCNAQ629,0
XCNAQ1071,0
XCNAQ1070,0
XCNAQ1069,0
XCNAQ1091,0
XCNAQ674,0
XCNAQ673,0
XCNAQ011,0
XCNAQ056,0
XCNAQ1594,0
XCNAQ1193,0
XCNAQ1593,0
XCNAQ1587,0
XCNAQ1589,0
XCNAQ1592,0
XCNAQ059,0
XCNAQ057,0
XCNAQ1591,0
XCNAQ1590,0
XCNAQ060,0
XCNAQ058,0
XCNAQ1588,0
XCNAQ125,0
XCNAQ126,0
XCNAQ124,0
XCNAQ128,0
XCNAQ127,0
XCNAQ1001,0
XCNAQ1000,0
XCNAQ320,0
CN_1114A,0
CN_1113A,0
CN_1118A,0
CN_1110A,0
CN_1117A,0
CN_1115A,0
CN_1111A,0
CN_1109A,0
CN_1116A,0
CN_1112A,0
XCNAQ1035,0
XCNAQ1037,0
XCNAQ1036,0
XCNAQ1241,0
CN_1018A,0
CN_1015A,0
XCNAQ1326,0
CN_1019A,0
CN_1016A,0
XCNAQ1110,0
CN_1027A,0
XCNAQ1323,0
XCNAQ1189,0
CN_1017A,0
CN_1020A,0
XCNAQ1188,0
CN_1013A,0
XCNAQ1325,0
CN_1014A,0
CN_1022A,0
CN_1024A,0
CN_1026A,0
XCNAQ1186,0
XCNAQ1187,0
XCNAQ1320,0
XCNAQ1319,0
XCNAQ1322,0
XCNAQ1324,0
CN_1025A,0
CN_1023A,0
XCNAQ1116,0
XCNAQ1263,0
CN_1021A,0
XCNAQ1321,0
XCNAQ022,0
XCNAQ498,0
XCNAQ499,0
XCNAQ1584,0
CN_1083A,0
CN_1088A,0
XCNAQ1581,0
CN_1087A,0
CN_1085A,0
CN_1081A,0
XCNAQ1287,0
XCNAQ1580,0
CN_1084A,0
CN_1086A,0
CN_1082A,0
XCNAQ1582,0
XCNAQ1585,0
XCNAQ1586,0
CN_1089A,0
XCNAQ1583,0
XCNAQ1579,0
XCNAQ357,0
XCNAQ2875,0
XCNAQ366,0
XCNAQ354,0
XCNAQ355,0
XCNAQ2384,0
XCNAQ358,0
XCNAQ2383,0
XCNAQ356,0
XCNAQ877,0
XCNAQ879,0
XCNAQ878,0
XCNAQ875,0
XCNAQ832,0
XCNAQ2762,0
XCNAQ2763,0
XCNAQ2764,0
XCNAQ2765,0
XCNAQ2760,0
XCNAQ2759,0
XCNAQ2761,0
XCNAQ831,0
XCNAQ2758,0
XCNAQ2148,0
XCNAQ2151,0
XCNAQ741,0
XCNAQ2145,0
XCNAQ2147,0
XCNAQ2149,0
XCNAQ2150,0
XCNAQ740,0
XCNAQ2143,0
XCNAQ739,0
XCNAQ2144,0
XCNAQ2146,0
XCNAQ2152,0
XCNAQ1880,0
XCNAQ1206,0
CN_1235A,0
CN_1237A,0
CN_1234A,0
CN_1240A,0
XCNAQ1882,0
XCNAQ1877,0
XCNAQ1878,0
XCNAQ1874,0
CN_1238A,0
CN_1241A,0
XCNAQ1881,0
XCNAQ1876,0
XCNAQ1883,0
XCNAQ1875,0
CN_1239A,0
XCNAQ1879,0
CN_1236A,0
XCNAQ132,0
XCNAQ131,0
XCNAQ1984,0
XCNAQ699,0
XCNAQ1988,0
XCNAQ1989,0
XCNAQ1303,0
XCNAQ1987,0
XCNAQ1985,0
XCNAQ1986,0
XCNAQ1983,0
XCNAQ696,0
XCNAQ698,0
XCNAQ697,0
XCNAQ1029,0
XCNAQ1030,0
XCNAQ1028,0
XCNAQ1266,0
XCNAQ2534,0
XCNAQ2535,0
XCNAQ2538,0
XCNAQ2536,0
XCNAQ2539,0
XCNAQ2537,0
XCNAQ192,0
XCNAQ2530,0
XCNAQ2531,0
XCNAQ2533,0
XCNAQ2532,0
XCNAQ459,0
XCNAQ193,0
XCNAQ195,0
XCNAQ194,0
XCNAQ1276,0
XCNAQ1277,0
XCNAQ1278,0
XCNAQ970,0
XCNAQ969,0
XCNAQ1279,0
XCNAQ971,0
XCNAQ972,0
XCNAQ1050,0
XCNAQ1049,0
XCNAQ486,0
XCNAQ487,0
XCNAQ278,0
XCNAQ283,0
XCNAQ280,0
XCNAQ475,0
XCNAQ279,0
XCNAQ281,0
XCNAQ2735,0
XCNAQ217,0
XCNAQ2737,0
XCNAQ216,0
XCNAQ465,0
XCNAQ2734,0
XCNAQ2733,0
XCNAQ2738,0
XCNAQ2739,0
XCNAQ2744,0
XCNAQ2743,0
XCNAQ2731,0
XCNAQ466,0
XCNAQ2732,0
XCNAQ467,0
XCNAQ2740,0
XCNAQ2742,0
XCNAQ2741,0
XCNAQ2736,0
XCNAQ2237,0
XCNAQ2238,0
XCNAQ2242,0
XCNAQ2243,0
XCNAQ2244,0
XCNAQ2236,0
XCNAQ2239,0
XCNAQ772,0
XCNAQ775,0
XCNAQ774,0
XCNAQ773,0
XCNAQ771,0
XCNAQ2245,0
XCNAQ2241,0
XCNAQ2240,0
XCNAQ2247,0
XCNAQ2246,0
XCNAQ2248,0
XCNAQ371,0
XCNAQ329,0
XCNAQ448,0
XCNAQ332,0
XCNAQ372,0
XCNAQ331,0
XCNAQ330,0
XCNAQ333,0
XCNAQ2028,0
XCNAQ2023,0
XCNAQ2027,0
XCNAQ721,0
XCNAQ720,0
XCNAQ2025,0
XCNAQ2024,0
XCNAQ2026,0
XCNAQ719,0
XCNAQ708,0
XCNAQ2010,0
XCNAQ709,0
XCNAQ2011,0
XCNAQ707,0
XCNAQ2008,0
XCNAQ2009,0
XCNAQ1304,0
XCNAQ1302,0
CN_1222A,0
CN_1221A,0
CN_1220A,0
XCNAQ1869,0
XCNAQ1866,0
XCNAQ1867,0
XCNAQ1233,0
CN_1219A,0
XCNAQ013,0
XCNAQ509,0
XCNAQ510,0
XCNAQ2899,0
XCNAQ2876,0
XCNAQ2877,0
XCNAQ1011,0
XCNAQ1010,0
XCNAQ236,0
XCNAQ2797,0
XCNAQ468,0
XCNAQ469,0
XCNAQ2798,0
XCNAQ241,0
XCNAQ238,0
XCNAQ470,0
XCNAQ910,0
XCNAQ909,0
XCNAQ1309,0
XCNAQ945,0
XCNAQ1310,0
XCNAQ947,0
XCNAQ948,0
XCNAQ946,0
XCNAQ1229,0
XCNAQ1228,0
XCNAQ1773,0
XCNAQ602,0
XCNAQ1772,0
XCNAQ600,0
XCNAQ601,0
XCNAQ222,0
XCNAQ347,0
XCNAQ223,0
XCNAQ282,0
XCNAQ205,0
XCNAQ319,0
XCNAQ239,0
XCNAQ067,0
XCNAQ185,0
XCNAQ344,0
CN_1197A,0
CN_1201A,0
CN_1196A,0
CN_1198A,0
CN_1200A,0
CN_1199A,0
XCNAQ1204,0
XCNAQ1203,0
XCNAQ1205,0
XCNAQ224,0
XCNAQ1267,0
XCNAQ1268,0
XCNAQ2799,0
XCNAQ1269,0
XCNAQ488,0
XCNAQ489,0
XCNAQ539,0
XCNAQ1043,0
XCNAQ1042,0
XCNAQ054,0
XCNAQ544,0
XCNAQ545,0
XCNAQ2517,0
XCNAQ2518,0
XCNAQ2516,0
XCNAQ2515,0
XCNAQ202,0
XCNAQ201,0
XCNAQ2525,0
XCNAQ2526,0
XCNAQ2529,0
XCNAQ2528,0
XCNAQ2527,0
XCNAQ2523,0
XCNAQ2524,0
XCNAQ200,0
XCNAQ2522,0
XCNAQ2521,0
XCNAQ203,0
XCNAQ2519,0
XCNAQ2520,0
XCNAQ913,0
XCNAQ914,0
XCNAQ912,0
XCNAQ911,0
XCNAQ934,0
XCNAQ1227,0
XCNAQ933,0
XCNAQ931,0
XCNAQ932,0
XCNAQ935,0
CN_1353A,0
XCNAQ2809,0
XCNAQ1179,0
XCNAQ2805,0
XCNAQ2806,0
CN_1347A,0
XCNAQ2804,0
CN_1346A,0
CN_1349A,0
CN_1352A,0
CN_1355A,0
CN_1348A,0
CN_1345A,0
XCNAQ2801,0
CN_1350A,0
XCNAQ2803,0
XCNAQ2811,0
XCNAQ2802,0
CN_1351A,0
XCNAQ2800,0
XCNAQ2807,0
XCNAQ2808,0
CN_1354A,0
XCNAQ2810,0
XCNAQ1046,0
XCNAQ1048,0
XCNAQ1047,0
XCNAQ534,0
XCNAQ535,0
XCNAQ536,0
XCNAQ1508,0
XCNAQ1523,0
XCNAQ1519,0
CN_1070A,0
XCNAQ1513,0
XCNAQ1509,0
XCNAQ1516,0
XCNAQ1515,0
XCNAQ1517,0
CN_1068A,0
XCNAQ1511,0
XCNAQ1520,0
XCNAQ1512,0
XCNAQ1215,0
CN_1069A,0
CN_1067A,0
XCNAQ1522,0
XCNAQ1521,0
XCNAQ1514,0
XCNAQ1510,0
XCNAQ334,0
XCNAQ336,0
XCNAQ335,0
XCNAQ373,0
XCNAQ016,0
XCNAQ015,0
XCNAQ642,0
XCNAQ643,0
XCNAQ644,0
XCNAQ089,0
XCNAQ198,0
XCNAQ2496,0
XCNAQ2495,0
XCNAQ460,0
XCNAQ2494,0
XCNAQ2491,0
XCNAQ2490,0
XCNAQ461,0
XCNAQ462,0
XCNAQ2493,0
XCNAQ2492,0
XCNAQ199,0
XCNAQ2489,0
XCNAQ1505,0
CN_1060A,0
CN_1059A,0
XCNAQ1506,0
CN_1057A,0
XCNAQ1499,0
CN_1061A,0
XCNAQ1500,0
XCNAQ1507,0
CN_1058A,0
XCNAQ1271,0
XCNAQ1502,0
XCNAQ1504,0
XCNAQ1497,0
XCNAQ1501,0
XCNAQ1503,0
XCNAQ1498,0
XCNAQ541,0
XCNAQ540,0
XCNAQ471,0
XCNAQ472,0
XCNAQ244,0
XCNAQ242,0
XCNAQ1040,0
XCNAQ1041,0
CN_1182A,0
XCNAQ1834,0
XCNAQ1831,0
XCNAQ1833,0
XCNAQ2894,0
XCNAQ1832,0
CN_1180A,0
CN_1181A,0
CN_1178A,0
CN_1179A,0
XCNAQ1198,0
CN_1183A,0
CN_1177A,0
XCNAQ1197,0
XCNAQ1002,0
XCNAQ1003,0
XCNAQ2405,0
XCNAQ2404,0
XCNAQ2413,0
XCNAQ2412,0
XCNAQ1272,0
XCNAQ421,0
XCNAQ2398,0
XCNAQ2396,0
XCNAQ2418,0
XCNAQ2409,0
XCNAQ2400,0
XCNAQ2401,0
XCNAQ2403,0
XCNAQ2402,0
XCNAQ2408,0
XCNAQ2410,0
XCNAQ2411,0
XCNAQ2397,0
XCNAQ402,0
XCNAQ2416,0
XCNAQ2888,0
XCNAQ2415,0
XCNAQ2399,0
XCNAQ2417,0
XCNAQ403,0
XCNAQ2407,0
XCNAQ2406,0
XCNAQ298,0
XCNAQ299,0
XCNAQ297,0
XCNAQ296,0
XCNAQ2903,0
XCNAQ1687,0
XCNAQ590,0
XCNAQ1700,0
XCNAQ1701,0
XCNAQ1691,0
XCNAQ1694,0
XCNAQ1682,0
XCNAQ589,0
XCNAQ1699,0
XCNAQ1702,0
XCNAQ1689,0
XCNAQ1683,0
XCNAQ588,0
XCNAQ1688,0
XCNAQ2904,0
XCNAQ1698,0
XCNAQ1686,0
XCNAQ1681,0
XCNAQ1690,0
XCNAQ1685,0
XCNAQ1697,0
XCNAQ1695,0
XCNAQ1696,0
XCNAQ1692,0
XCNAQ872,0
XCNAQ874,0
XCNAQ870,0
XCNAQ871,0
XCNAQ873,0
XCNAQ1004,0
XCNAQ1005,0
XCNAQ2789,0
XCNAQ2796,0
XCNAQ2795,0
XCNAQ2790,0
XCNAQ2793,0
XCNAQ843,0
XCNAQ2791,0
XCNAQ2794,0
XCNAQ842,0
XCNAQ2792,0
XCNAQ348,0
CN_1393A,0
XCNAQ2836,0
CN_1396A,0
XCNAQ2838,0
XCNAQ2835,0
CN_1395A,0
CN_1394A,0
CN_1392A,0
XCNAQ2837,0
CN_1433A,0
CN_1437A,0
CN_1432A,0
XCNAQ1166,0
XCNAQ1211,0
CN_1435A,0
CN_1434A,0
CN_1438A,0
CN_1436A,0
CN_1431A,0
XCNAQ1270,0
XCNAQ1234,0
CN_1184A,0
CN_1185A,0
XCNAQ1290,0
XCNAQ1856,0
XCNAQ1859,0
XCNAQ1857,0
XCNAQ1858,0
CN_1187A,0
CN_1186A,0
CN_1063A,0
XCNAQ1444,0
XCNAQ1442,0
XCNAQ1453,0
XCNAQ1452,0
XCNAQ1449,0
XCNAQ1456,0
XCNAQ1458,0
XCNAQ1450,0
XCNAQ1447,0
CN_1064A,0
XCNAQ1451,0
XCNAQ1443,0
CN_1065A,0
XCNAQ1454,0
XCNAQ1445,0
XCNAQ1457,0
CN_1066A,0
CN_1062A,0
XCNAQ1446,0
XCNAQ1455,0
XCNAQ2258,0
XCNAQ2249,0
XCNAQ2254,0
XCNAQ780,0
XCNAQ2252,0
XCNAQ2250,0
XCNAQ2255,0
XCNAQ2253,0
XCNAQ777,0
XCNAQ2259,0
XCNAQ776,0
XCNAQ778,0
XCNAQ2257,0
XCNAQ779,0
XCNAQ2256,0
XCNAQ2251,0
XCNAQ102,0
XCNAQ1174,0
XCNAQ101,0
XCNAQ103,0
XCNAQ454,0
XCNAQ1172,0
CN_1456A,0
CN_1458A,0
CN_1460A,0
CN_1457A,0
CN_1461A,0
CN_1459A,0
XCNAQ515,0
XCNAQ516,0
XCNAQ428,0
XCNAQ426,0
XCNAQ543,0
XCNAQ429,0
XCNAQ1148,0
XCNAQ427,0
XCNAQ1149,0
XCNAQ308,0
XCNAQ1109,0
XCNAQ306,0
XCNAQ304,0
XCNAQ305,0
XCNAQ996,0
XCNAQ997,0
XCNAQ517,0
XCNAQ518,0
XCNAQ2545,0
XCNAQ2546,0
XCNAQ2556,0
XCNAQ2557,0
XCNAQ2560,0
XCNAQ2550,0
XCNAQ2553,0
XCNAQ2562,0
XCNAQ1257,0
XCNAQ2551,0
XCNAQ2552,0
XCNAQ790,0
XCNAQ2886,0
XCNAQ2547,0
XCNAQ2559,0
XCNAQ791,0
XCNAQ789,0
XCNAQ788,0
XCNAQ2548,0
XCNAQ2549,0
XCNAQ2561,0
XCNAQ2558,0
XCNAQ2555,0
XCNAQ2554,0
XCNAQ2184,0
XCNAQ752,0
XCNAQ755,0
XCNAQ756,0
XCNAQ754,0
XCNAQ753,0
XCNAQ104,0
CN_1192A,0
CN_1195A,0
CN_1193A,0
CN_1190A,0
CN_1191A,0
CN_1194A,0
CN_1188A,0
CN_1189A,0
XCNAQ1012,0
XCNAQ1013,0
XCNAQ2388,0
XCNAQ184,0
XCNAQ2386,0
XCNAQ183,0
XCNAQ182,0
XCNAQ2385,0
XCNAQ2387,0
XCNAQ490,0
XCNAQ491,0
CN_1453A,0
CN_1449A,0
CN_1450A,0
XCNAQ1297,0
CN_1455A,0
CN_1451A,0
CN_1454A,0
CN_1452A,0
XCNAQ1076,0
XCNAQ1077,0
XCNAQ1078,0
XCNAQ1009,0
XCNAQ1008,0
XCNAQ985,0
XCNAQ984,0
XCNAQ1662,0
XCNAQ1648,0
XCNAQ581,0
XCNAQ1647,0
XCNAQ1644,0
XCNAQ1657,0
XCNAQ1651,0
XCNAQ1659,0
XCNAQ1656,0
XCNAQ1649,0
XCNAQ1646,0
XCNAQ1658,0
XCNAQ1221,0
XCNAQ582,0
XCNAQ580,0
XCNAQ1645,0
XCNAQ1653,0
XCNAQ1655,0
XCNAQ1661,0
XCNAQ1650,0
XCNAQ1660,0
XCNAQ1654,0
XCNAQ579,0
XCNAQ1652,0
XCNAQ1626,0
XCNAQ1633,0
XCNAQ1631,0
XCNAQ1624,0
XCNAQ1632,0
XCNAQ570,0
XCNAQ571,0
XCNAQ1628,0
XCNAQ572,0
XCNAQ569,0
XCNAQ573,0
XCNAQ1630,0
XCNAQ568,0
XCNAQ1623,0
XCNAQ1098,0
XCNAQ1099,0
XCNAQ2164,0
XCNAQ2165,0
XCNAQ744,0
XCNAQ745,0
XCNAQ2163,0
XCNAQ742,0
XCNAQ743,0
XCNAQ746,0
XCNAQ476,0
XCNAQ322,0
XCNAQ1634,0
XCNAQ1638,0
XCNAQ576,0
XCNAQ1641,0
XCNAQ1639,0
XCNAQ578,0
XCNAQ577,0
XCNAQ574,0
XCNAQ1640,0
XCNAQ1635,0
XCNAQ1637,0
XCNAQ575,0
XCNAQ1642,0
XCNAQ1643,0
XCNAQ1636,0
XCNAQ105,0
XCNAQ1108,0
XCNAQ1162,0
XCNAQ628,0
XCNAQ626,0
XCNAQ1161,0
XCNAQ1160,0
XCNAQ627,0
XCNAQ099,0
XCNAQ098,0
XCNAQ453,0
XCNAQ097,0
XCNAQ1175,0
XCNAQ096,0
XCNAQ908,0
XCNAQ907,0
CN_1226A,0
CN_1231A,0
CN_1233A,0
CN_1225A,0
CN_1227A,0
CN_1230A,0
CN_1232A,0
CN_1229A,0
XCNAQ1871,0
XCNAQ1870,0
CN_1228A,0
CN_1223A,0
XCNAQ1872,0
XCNAQ1873,0
CN_1224A,0
XCNAQ639,0
XCNAQ638,0
XCNAQ1019,0
XCNAQ1018,0
XCNAQ1060,0
XCNAQ2317,0
XCNAQ172,0
XCNAQ169,0
XCNAQ170,0
XCNAQ168,0
XCNAQ2314,0
XCNAQ2319,0
XCNAQ2316,0
XCNAQ2318,0
XCNAQ171,0
XCNAQ2315,0
XCNAQ367,0
XCNAQ273,0
XCNAQ272,0
XCNAQ368,0
XCNAQ270,0
XCNAQ271,0
XCNAQ196,0
XCNAQ447,0
XCNAQ231,0
XCNAQ232,0
XCNAQ234,0
XCNAQ233,0
XCNAQ235,0
XCNAQ230,0
XCNAQ269,0
XCNAQ537,0
XCNAQ267,0
XCNAQ266,0
XCNAQ434,0
XCNAQ435,0
XCNAQ436,0
XCNAQ884,0
XCNAQ883,0
XCNAQ885,0
XCNAQ886,0
XCNAQ991,0
XCNAQ992,0
XCNAQ1025,0
XCNAQ1026,0
XCNAQ1027,0
XCNAQ1024,0
XCNAQ292,0
XCNAQ1038,0
XCNAQ1039,0
CN_1325A,0
CN_1332A,0
XCNAQ2708,0
XCNAQ2698,0
XCNAQ2699,0
XCNAQ2717,0
CN_1333A,0
XCNAQ2702,0
XCNAQ2703,0
XCNAQ2716,0
CN_1328A,0
XCNAQ1294,0
XCNAQ2707,0
CN_1331A,0
XCNAQ219,0
CN_1327A,0
CN_1326A,0
XCNAQ2715,0
XCNAQ2710,0
XCNAQ2711,0
CN_1334A,0
CN_1330A,0
XCNAQ2713,0
XCNAQ2700,0
XCNAQ2701,0
XCNAQ2712,0
XCNAQ2705,0
XCNAQ2706,0
XCNAQ2704,0
XCNAQ2709,0
CN_1329A,0
XCNAQ2714,0
XCNAQ975,0
XCNAQ976,0
XCNAQ212,0
XCNAQ149,0
XCNAQ042,0
XCNAQ869,0
XCNAQ866,0
XCNAQ868,0
XCNAQ867,0
XCNAQ865,0
XCNAQ1023,0
XCNAQ1021,0
XCNAQ1020,0
XCNAQ1022,0
XCNAQ556,0
XCNAQ247,0
XCNAQ249,0
XCNAQ248,0
XCNAQ245,0
XCNAQ246,0
XCNAQ250,0
XCNAQ438,0
XCNAQ437,0
XCNAQ439,0
CN_1386A,0
CN_1383A,0
XCNAQ2827,0
XCNAQ2828,0
CN_1385A,0
XCNAQ2829,0
XCNAQ2824,0
XCNAQ2825,0
XCNAQ2826,0
CN_1384A,0
XCNAQ500,0
XCNAQ501,0
XCNAQ502,0
XCNAQ2021,0
XCNAQ718,0
XCNAQ717,0
XCNAQ716,0
XCNAQ2020,0
XCNAQ1226,0
XCNAQ2022,0
CN_1102A,0
CN_1107A,0
XCNAQ1125,0
XCNAQ1124,0
CN_1106A,0
CN_1105A,0
CN_1101A,0
CN_1104A,0
CN_1100A,0
XCNAQ1126,0
XCNAQ1194,0
XCNAQ1120,0
CN_1099A,0
XCNAQ1195,0
CN_1098A,0
CN_1108A,0
CN_1103A,0
XCNAQ1566,0
XCNAQ1557,0
XCNAQ1551,0
XCNAQ1572,0
XCNAQ1561,0
XCNAQ1569,0
XCNAQ1554,0
XCNAQ1560,0
CN_1073A,0
CN_1071A,0
XCNAQ1564,0
XCNAQ1563,0
XCNAQ1562,0
XCNAQ1576,0
XCNAQ1553,0
XCNAQ1577,0
XCNAQ1578,0
XCNAQ1549,0
XCNAQ1571,0
XCNAQ1558,0
XCNAQ1567,0
XCNAQ1570,0
XCNAQ1556,0
CN_1072A,0
XCNAQ1559,0
XCNAQ1568,0
XCNAQ1555,0
XCNAQ1552,0
XCNAQ1565,0
XCNAQ1575,0
XCNAQ1550,0
XCNAQ904,0
XCNAQ905,0
XCNAQ906,0
XCNAQ1145,0
XCNAQ415,0
XCNAQ416,0
XCNAQ417,0
XCNAQ1144,0
XCNAQ1146,0
XCNAQ145,0
XCNAQ2077,0
XCNAQ2078,0
XCNAQ2093,0
XCNAQ2096,0
XCNAQ2098,0
XCNAQ2099,0
XCNAQ2082,0
XCNAQ2083,0
XCNAQ2084,0
XCNAQ2091,0
XCNAQ2090,0
XCNAQ2081,0
XCNAQ2080,0
XCNAQ2094,0
XCNAQ2095,0
XCNAQ2097,0
XCNAQ2087,0
XCNAQ2086,0
XCNAQ2079,0
XCNAQ144,0
XCNAQ143,0
XCNAQ142,0
XCNAQ2085,0
XCNAQ2088,0
XCNAQ2092,0
XCNAQ2089,0
XCNAQ2378,0
XCNAQ2375,0
XCNAQ154,0
XCNAQ2374,0
XCNAQ2373,0
XCNAQ2376,0
XCNAQ2377,0
XCNAQ2380,0
XCNAQ156,0
XCNAQ155,0
XCNAQ2381,0
CN_1206A,0
XCNAQ1865,0
XCNAQ1864,0
XCNAQ1863,0
XCNAQ1862,0
XCNAQ1216,0
CN_1209A,0
CN_1207A,0
CN_1208A,0
XCNAQ312,0
XCNAQ309,0
XCNAQ310,0
XCNAQ311,0
XCNAQ190,0
XCNAQ2511,0
XCNAQ2510,0
XCNAQ2513,0
XCNAQ2512,0
XCNAQ1243,0
XCNAQ2498,0
XCNAQ2497,0
XCNAQ2506,0
XCNAQ2507,0
XCNAQ2502,0
XCNAQ2503,0
XCNAQ188,0
XCNAQ187,0
XCNAQ186,0
XCNAQ2499,0
XCNAQ2514,0
XCNAQ2500,0
XCNAQ2501,0
XCNAQ2504,0
XCNAQ2505,0
XCNAQ189,0
XCNAQ2509,0
XCNAQ2508,0
XCNAQ191,0
CN_1300A,0
XCNAQ2285,0
XCNAQ2284,0
XCNAQ2279,0
XCNAQ2273,0
XCNAQ2274,0
CN_1305A,0
XCNAQ2282,0
XCNAQ2281,0
CN_1301A,0
CN_1304A,0
XCNAQ2276,0
CN_1302A,0
XCNAQ2283,0
XCNAQ2890,0
XCNAQ2275,0
CN_1303A,0
CN_1299A,0
XCNAQ542,0
XCNAQ519,0
XCNAQ2278,0
CN_1306A,0
XCNAQ2280,0
XCNAQ2272,0
XCNAQ2351,0
XCNAQ2367,0
XCNAQ2366,0
XCNAQ2368,0
XCNAQ2352,0
XCNAQ2372,0
XCNAQ2359,0
XCNAQ2360,0
XCNAQ2889,0
XCNAQ2354,0
XCNAQ2353,0
XCNAQ2365,0
XCNAQ2350,0
XCNAQ2361,0
XCNAQ2362,0
XCNAQ2364,0
XCNAQ2363,0
XCNAQ179,0
XCNAQ181,0
XCNAQ180,0
XCNAQ2369,0
XCNAQ2370,0
XCNAQ2358,0
XCNAQ2357,0
XCNAQ2356,0
XCNAQ1056,0
XCNAQ1282,0
XCNAQ1057,0
XCNAQ1059,0
XCNAQ2855,0
CN_1409A,0
XCNAQ2856,0
XCNAQ2857,0
XCNAQ2863,0
XCNAQ2866,0
XCNAQ2847,0
XCNAQ2846,0
XCNAQ2870,0
XCNAQ2851,0
XCNAQ2852,0
XCNAQ2859,0
XCNAQ2858,0
XCNAQ2860,0
XCNAQ2853,0
XCNAQ2854,0
XCNAQ2865,0
CN_1410A,0
CN_1412A,0
XCNAQ2862,0
XCNAQ2861,0
XCNAQ2869,0
XCNAQ2849,0
XCNAQ2850,0
XCNAQ2848,0
XCNAQ2864,0
CN_1411A,0
XCNAQ2868,0
XCNAQ2867,0
CN_1413A,0
XCNAQ002,0
XCNAQ1062,0
XCNAQ492,0
XCNAQ2874,0
XCNAQ493,0
XCNAQ162,0
XCNAQ157,0
XCNAQ159,0
XCNAQ2305,0
XCNAQ2308,0
XCNAQ2303,0
XCNAQ2313,0
XCNAQ2312,0
XCNAQ160,0
XCNAQ2302,0
XCNAQ161,0
XCNAQ2310,0
XCNAQ2307,0
XCNAQ2311,0
XCNAQ158,0
XCNAQ2309,0
XCNAQ2304,0
XCNAQ2306,0
XCNAQ1980,0
XCNAQ1979,0
XCNAQ688,0
XCNAQ687,0
XCNAQ689,0
XCNAQ685,0
XCNAQ1973,0
XCNAQ681,0
XCNAQ1974,0
XCNAQ683,0
XCNAQ682,0
XCNAQ686,0
XCNAQ1224,0
XCNAQ684,0
CN_1211A,0
CN_1212A,0
CN_1213A,0
XCNAQ1846,0
XCNAQ1848,0
XCNAQ1845,0
XCNAQ1844,0
CN_1214A,0
CN_1210A,0
CN_1358A,0
CN_1359A,0
XCNAQ1296,0
XCNAQ259,0
CN_1363A,0
XCNAQ555,0
XCNAQ549,0
CN_1365A,0
XCNAQ553,0
XCNAQ548,0
XCNAQ2814,0
CN_1357A,0
XCNAQ2813,0
XCNAQ2812,0
CN_1360A,0
CN_1356A,0
CN_1364A,0
CN_1362A,0
CN_1366A,0
XCNAQ1295,0
CN_1361A,0
XCNAQ418,0
XCNAQ419,0
XCNAQ1239,0
XCNAQ420,0
XCNAQ1147,0
XCNAQ1885,0
XCNAQ1894,0
XCNAQ1884,0
CN_1243A,0
XCNAQ1890,0
XCNAQ1892,0
CN_1245A,0
XCNAQ1896,0
XCNAQ1887,0
XCNAQ1895,0
XCNAQ1888,0
XCNAQ1886,0
CN_1242A,0
XCNAQ1891,0
XCNAQ1893,0
XCNAQ1889,0
CN_1244A,0
XCNAQ338,0
XCNAQ337,0
XCNAQ339,0
XCNAQ2880,0
XCNAQ374,0
XCNAQ1909,0
XCNAQ1208,0
CN_1251A,0
XCNAQ1209,0
CN_1249A,0
CN_1250A,0
XCNAQ1911,0
XCNAQ1908,0
XCNAQ1907,0
XCNAQ1910,0
XCNAQ228,0
XCNAQ226,0
XCNAQ361,0
XCNAQ227,0
XCNAQ225,0
XCNAQ229,0
XCNAQ362,0
XCNAQ882,0
XCNAQ881,0
XCNAQ880,0
XCNAQ252,0
XCNAQ257,0
XCNAQ251,0
XCNAQ253,0
XCNAQ256,0
XCNAQ254,0
XCNAQ494,0
XCNAQ495,0
XCNAQ702,0
XCNAQ1996,0
XCNAQ1999,0
XCNAQ1995,0
XCNAQ1998,0
XCNAQ1997,0
XCNAQ1994,0
XCNAQ703,0
XCNAQ701,0
XCNAQ404,0
XCNAQ2895,0
XCNAQ2451,0
XCNAQ405,0
XCNAQ2444,0
XCNAQ2443,0
XCNAQ2448,0
XCNAQ2447,0
XCNAQ2454,0
XCNAQ2450,0
XCNAQ2449,0
XCNAQ2442,0
XCNAQ2440,0
XCNAQ406,0
XCNAQ2452,0
XCNAQ2453,0
XCNAQ2441,0
XCNAQ2445,0
XCNAQ2446,0
XCNAQ799,0
XCNAQ2602,0
XCNAQ2601,0
XCNAQ802,0
XCNAQ801,0
XCNAQ800,0
XCNAQ2600,0
XCNAQ2599,0
XCNAQ2110,0
XCNAQ567,0
XCNAQ2113,0
XCNAQ2111,0
XCNAQ2101,0
XCNAQ2112,0
XCNAQ2104,0
XCNAQ566,0
XCNAQ2107,0
XCNAQ2100,0
XCNAQ2106,0
XCNAQ2103,0
XCNAQ565,0
XCNAQ2102,0
XCNAQ2108,0
XCNAQ2109,0
XCNAQ2105,0
XCNAQ2337,0
XCNAQ165,0
XCNAQ2333,0
XCNAQ1191,0
XCNAQ2343,0
XCNAQ164,0
XCNAQ528,0
XCNAQ529,0
XCNAQ2347,0
XCNAQ1190,0
XCNAQ2339,0
XCNAQ2338,0
XCNAQ2348,0
XCNAQ2346,0
XCNAQ050,0
XCNAQ1292,0
XCNAQ2349,0
XCNAQ166,0
XCNAQ2335,0
XCNAQ2342,0
XCNAQ2334,0
XCNAQ2336,0
XCNAQ2340,0
XCNAQ2341,0
XCNAQ2345,0
XCNAQ2344,0
XCNAQ425,0
XCNAQ1246,0
XCNAQ424,0
XCNAQ423,0
XCNAQ063,0
XCNAQ2581,0
XCNAQ2582,0
XCNAQ2585,0
XCNAQ2586,0
XCNAQ2587,0
XCNAQ795,0
XCNAQ794,0
XCNAQ2580,0
XCNAQ2579,0
XCNAQ1242,0
XCNAQ2588,0
XCNAQ2589,0
XCNAQ792,0
XCNAQ793,0
XCNAQ2583,0
XCNAQ2584,0
XCNAQ2329,0
XCNAQ2332,0
XCNAQ176,0
XCNAQ2330,0
XCNAQ1258,0
XCNAQ173,0
XCNAQ178,0
XCNAQ2328,0
XCNAQ174,0
XCNAQ175,0
XCNAQ2331,0
XCNAQ2327,0
XCNAQ2578,0
XCNAQ2567,0
XCNAQ2566,0
XCNAQ2568,0
XCNAQ2569,0
XCNAQ2577,0
XCNAQ1293,0
XCNAQ2575,0
XCNAQ2576,0
XCNAQ207,0
XCNAQ204,0
XCNAQ2564,0
XCNAQ2570,0
XCNAQ2571,0
XCNAQ2563,0
XCNAQ2574,0
XCNAQ2573,0
XCNAQ2572,0
XCNAQ2565,0
XCNAQ206,0
XCNAQ177,0
XCNAQ121,0
XCNAQ118,0
XCNAQ120,0
XCNAQ458,0
XCNAQ119,0
XCNAQ899,0
XCNAQ897,0
XCNAQ898,0
XCNAQ1061,0
XCNAQ318,0
XCNAQ1245,0
XCNAQ1244,0
XCNAQ215,0
CN_1368A,0
CN_1367A,0
CN_1369A,0
CN_1370A,0
XCNAQ2815,0
XCNAQ2816,0
XCNAQ2817,0
XCNAQ480,0
XCNAQ481,0
XCNAQ1055,0
XCNAQ957,0
XCNAQ1275,0
XCNAQ958,0
XCNAQ268,0
XCNAQ641,0
XCNAQ640,0
XCNAQ636,0
XCNAQ637,0
XCNAQ1034,0
XCNAQ1033,0
XCNAQ221,0
XCNAQ086,0
XCNAQ901,0
XCNAQ900,0
XCNAQ857,0
XCNAQ856,0
XCNAQ855,0
XCNAQ858,0
XCNAQ859,0
XCNAQ1217,0
CN_1216A,0
CN_1218A,0
CN_1217A,0
XCNAQ1849,0
XCNAQ1855,0
XCNAQ1850,0
XCNAQ1853,0
XCNAQ1851,0
XCNAQ1854,0
CN_1215A,0
XCNAQ1852,0
XCNAQ290,0
XCNAQ053,0
XCNAQ213,0
XCNAQ085,0
XCNAQ384,0
XCNAQ385,0
XCNAQ1139,0
XCNAQ386,0
XCNAQ1308,0
XCNAQ1307,0
XCNAQ930,0
XCNAQ929,0
XCNAQ928,0
XCNAQ927,0
XCNAQ2872,0
XCNAQ2873,0
XCNAQ017,0
XCNAQ478,0
XCNAQ1192,0
XCNAQ1350,0
CN_1033A,0
XCNAQ1328,0
XCNAQ1327,0
CN_1034A,0
XCNAQ1330,0
XCNAQ1352,0
CN_1028A,0
XCNAQ1356,0
XCNAQ1348,0
XCNAQ1353,0
XCNAQ1351,0
CN_1035A,0
XCNAQ1354,0
XCNAQ1341,0
XCNAQ1346,0
XCNAQ1336,0
XCNAQ1339,0
XCNAQ1361,0
XCNAQ1329,0
XCNAQ1337,0
XCNAQ1340,0
XCNAQ1334,0
CN_1029A,0
XCNAQ1360,0
XCNAQ1335,0
CN_1031A,0
CN_1032A,0
XCNAQ1357,0
XCNAQ1332,0
XCNAQ1358,0
XCNAQ1342,0
XCNAQ1347,0
XCNAQ1343,0
XCNAQ1359,0
CN_1030A,0
XCNAQ1331,0
XCNAQ1355,0
XCNAQ1338,0
XCNAQ1349,0
XCNAQ1094,0
XCNAQ1095,0
XCNAQ031,0
XCNAQ2897,0
XCNAQ2042,0
XCNAQ1256,0
CN_1283A,0
XCNAQ2052,0
XCNAQ2043,0
XCNAQ2032,0
XCNAQ2033,0
CN_1282A,0
CN_1281A,0
CN_1284A,0
XCNAQ2039,0
XCNAQ2048,0
XCNAQ2037,0
XCNAQ2029,0
XCNAQ2051,0
XCNAQ2046,0
XCNAQ2047,0
XCNAQ2045,0
CN_1285A,0
XCNAQ2036,0
XCNAQ2038,0
XCNAQ2034,0
XCNAQ2035,0
XCNAQ2050,0
XCNAQ2896,0
XCNAQ2049,0
XCNAQ2031,0
XCNAQ2030,0
XCNAQ2041,0
XCNAQ2044,0
XCNAQ2040,0
CN_1280A,0
XCNAQ1366,0
CN_1042A,0
XCNAQ1368,0
XCNAQ1365,0
CN_1045A,0
CN_1046A,0
XCNAQ1363,0
XCNAQ1265,0
XCNAQ1362,0
CN_1044A,0
CN_1043A,0
XCNAQ1364,0
XCNAQ1367,0
XCNAQ2878,0
XCNAQ034,0
XCNAQ032,0
XCNAQ243,0
XCNAQ082,0
XCNAQ055,0
XCNAQ1252,0
XCNAQ994,0
XCNAQ995,0
XCNAQ993,0
XCNAQ197,0
XCNAQ1942,0
XCNAQ1944,0
XCNAQ1938,0
CN_1247A,0
XCNAQ1940,0
XCNAQ1945,0
CN_1248A,0
XCNAQ1939,0
XCNAQ1210,0
CN_1246A,0
XCNAQ1941,0
XCNAQ671,0
XCNAQ672,0
XCNAQ300,0
XCNAQ302,0
XCNAQ301,0
XCNAQ303,0
XCNAQ2428,0
XCNAQ2429,0
XCNAQ2430,0
XCNAQ2437,0
XCNAQ2436,0
XCNAQ2435,0
XCNAQ450,0
XCNAQ407,0
XCNAQ2432,0
XCNAQ2439,0
XCNAQ2431,0
XCNAQ408,0
XCNAQ2419,0
XCNAQ2421,0
XCNAQ2420,0
XCNAQ1219,0
XCNAQ2887,0
XCNAQ2426,0
XCNAQ2427,0
XCNAQ2425,0
XCNAQ2424,0
XCNAQ2423,0
XCNAQ2438,0
XCNAQ2422,0
XCNAQ2433,0
XCNAQ2434,0
XCNAQ100,0
CN_1400A,0
XCNAQ2831,0
XCNAQ2834,0
CN_1399A,0
CN_1398A,0
XCNAQ2830,0
XCNAQ2832,0
CN_1397A,0
XCNAQ2833,0
XCNAQ547,0
XCNAQ546,0
XCNAQ530,0
XCNAQ531,0
XCNAQ291,0
XCNAQ293,0
XCNAQ1248,0
XCNAQ1247,0
CN_1260A,0
CN_1258A,0
XCNAQ1917,0
XCNAQ1918,0
CN_1259A,0
XCNAQ316,0
XCNAQ1969,0
XCNAQ141,0
XCNAQ1967,0
XCNAQ139,0
XCNAQ1968,0
XCNAQ140,0
XCNAQ138,0
XCNAQ1966,0
XCNAQ1965,0
CN_1160A,0
CN_1161A,0
CN_1164A,0
CN_1162A,0
CN_1167A,0
CN_1166A,0
CN_1165A,0
CN_1163A,0
XCNAQ432,0
XCNAQ430,0
XCNAQ431,0
XCNAQ433,0
XCNAQ2769,0
XCNAQ463,0
XCNAQ214,0
XCNAQ2770,0
XCNAQ2767,0
XCNAQ2771,0
XCNAQ2772,0
XCNAQ2768,0
XCNAQ464,0
XCNAQ2766,0
XCNAQ2754,0
XCNAQ2757,0
XCNAQ830,0
XCNAQ828,0
XCNAQ2755,0
XCNAQ2753,0
XCNAQ829,0
XCNAQ827,0
XCNAQ1232,0
XCNAQ2756,0
XCNAQ258,0
XCNAQ520,0
XCNAQ521,0
XCNAQ726,0
XCNAQ2060,0
XCNAQ724,0
XCNAQ725,0
XCNAQ722,0
XCNAQ723,0
XCNAQ522,0
XCNAQ523,0
XCNAQ409,0
XCNAQ2391,0
XCNAQ410,0
XCNAQ411,0
XCNAQ1259,0
XCNAQ2389,0
XCNAQ1260,0
XCNAQ2390,0
XCNAQ524,0
XCNAQ525,0
XCNAQ2465,0
XCNAQ2466,0
XCNAQ2457,0
XCNAQ2460,0
XCNAQ2459,0
XCNAQ2470,0
XCNAQ2469,0
XCNAQ2468,0
XCNAQ2467,0
XCNAQ412,0
XCNAQ413,0
XCNAQ2462,0
XCNAQ2461,0
XCNAQ2458,0
XCNAQ2455,0
XCNAQ2456,0
XCNAQ414,0
XCNAQ2471,0
XCNAQ2472,0
XCNAQ2463,0
XCNAQ2464,0
XCNAQ2168,0
XCNAQ748,0
XCNAQ751,0
XCNAQ749,0
XCNAQ750,0
XCNAQ747,0
XCNAQ2166,0
XCNAQ2169,0
XCNAQ2167,0
XCNAQ387,0
XCNAQ1137,0
XCNAQ1136,0
XCNAQ388,0
XCNAQ389,0
XCNAQ390,0
XCNAQ1138,0
XCNAQ1143,0
XCNAQ391,0
XCNAQ1141,0
XCNAQ1142,0
XCNAQ392,0
XCNAQ393,0
XCNAQ394,0
XCNAQ1140,0
XCNAQ526,0
XCNAQ527,0
XCNAQ677,0
XCNAQ1972,0
XCNAQ1971,0
XCNAQ675,0
XCNAQ1970,0
XCNAQ679,0
XCNAQ676,0
XCNAQ678,0
XCNAQ680,0
XCNAQ1471,0
XCNAQ1472,0
XCNAQ1460,0
XCNAQ1480,0
XCNAQ1481,0
XCNAQ1461,0
XCNAQ1301,0
CN_1076A,0
CN_1075A,0
XCNAQ1468,0
XCNAQ1476,0
XCNAQ1477,0
XCNAQ1469,0
XCNAQ1467,0
XCNAQ1473,0
XCNAQ1475,0
XCNAQ1462,0
XCNAQ1474,0
XCNAQ1465,0
XCNAQ1478,0
XCNAQ1463,0
XCNAQ1470,0
CN_1074A,0
XCNAQ1466,0
XCNAQ1464,0
XCNAQ844,0
XCNAQ847,0
XCNAQ848,0
XCNAQ846,0
XCNAQ849,0
XCNAQ845,0
XCNAQ1916,0
CN_1265A,0
XCNAQ1913,0
XCNAQ1914,0
XCNAQ1912,0
XCNAQ1915,0
CN_1264A,0
CN_1266A,0
XCNAQ2747,0
XCNAQ2749,0
XCNAQ2746,0
XCNAQ2750,0
XCNAQ1101,0
XCNAQ2748,0
XCNAQ1100,0
XCNAQ1103,0
XCNAQ2745,0
XCNAQ1102,0
XCNAQ999,0
XCNAQ998,0
CN_1482A,0
XCNAQ1184,0
CN_1480A,0
CN_1481A,0
CN_1483A,0
CN_1471A,0
CN_1463A,0
CN_1465A,0
CN_1466A,0
CN_1474A,0
CN_1473A,0
CN_1464A,0
CN_1468A,0
CN_1472A,0
CN_1469A,0
CN_1470A,0
CN_1462A,0
CN_1467A,0
XCNAQ043,0
XCNAQ036,0
XCNAQ1273,0
XCNAQ798,0
XCNAQ797,0
XCNAQ796,0
XCNAQ2595,0
XCNAQ2596,0
XCNAQ2593,0
XCNAQ2594,0
XCNAQ2590,0
XCNAQ2591,0
XCNAQ2592,0
XCNAQ2597,0
XCNAQ2598,0
XCNAQ505,0
XCNAQ506,0
XCNAQ2898,0
XCNAQ893,0
XCNAQ894,0
XCNAQ896,0
XCNAQ895,0
XCNAQ1132,0
CN_1444A,0
CN_1447A,0
CN_1440A,0
XCNAQ1134,0
CN_1446A,0
CN_1552A,0
XCNAQ1130,0
CN_1442A,0
CN_1443A,0
XCNAQ1131,0
CN_1445A,0
XCNAQ1133,0
XCNAQ1135,0
CN_1441A,0
CN_1439A,0
XCNAQ903,0
XCNAQ902,0
XCNAQ953,0
XCNAQ951,0
XCNAQ952,0
XCNAQ949,0
XCNAQ950,0
XCNAQ2197,0
XCNAQ2198,0
XCNAQ2212,0
XCNAQ2211,0
XCNAQ2216,0
XCNAQ2215,0
XCNAQ2193,0
XCNAQ2194,0
XCNAQ2207,0
XCNAQ2208,0
XCNAQ2214,0
XCNAQ2213,0
XCNAQ765,0
XCNAQ2191,0
XCNAQ2190,0
XCNAQ763,0
XCNAQ2196,0
XCNAQ2195,0
XCNAQ2209,0
XCNAQ2210,0
XCNAQ2202,0
XCNAQ2201,0
XCNAQ2206,0
XCNAQ2205,0
XCNAQ2217,0
XCNAQ2218,0
XCNAQ2200,0
XCNAQ2199,0
XCNAQ766,0
XCNAQ764,0
XCNAQ2222,0
XCNAQ2221,0
XCNAQ2220,0
XCNAQ2219,0
XCNAQ2192,0
XCNAQ762,0
XCNAQ2203,0
XCNAQ2204,0
XCNAQ1754,0
XCNAQ451,0
XCNAQ081,0
XCNAQ1752,0
XCNAQ1755,0
XCNAQ083,0
XCNAQ452,0
XCNAQ1756,0
XCNAQ1261,0
XCNAQ033,0
XCNAQ633,0
XCNAQ632,0
XCNAQ619,0
XCNAQ620,0
XCNAQ1154,0
XCNAQ1155,0
XCNAQ1156,0
XCNAQ618,0
XCNAQ621,0
XCNAQ1157,0
XCNAQ938,0
XCNAQ940,0
XCNAQ937,0
XCNAQ939,0
XCNAQ936,0
XCNAQ1675,0
XCNAQ1676,0
XCNAQ1669,0
XCNAQ1666,0
XCNAQ1664,0
XCNAQ1680,0
XCNAQ586,0
XCNAQ1667,0
XCNAQ1668,0
XCNAQ1222,0
XCNAQ2881,0
XCNAQ1665,0
XCNAQ1678,0
XCNAQ1670,0
XCNAQ1679,0
XCNAQ1663,0
XCNAQ584,0
XCNAQ587,0
XCNAQ1672,0
XCNAQ1673,0
XCNAQ1671,0
XCNAQ1677,0
XCNAQ583,0
XCNAQ585,0
XCNAQ340,0
CN_1175A,0
CN_1173A,0
CN_1176A,0
XCNAQ1201,0
CN_1174A,0
XCNAQ1200,0
XCNAQ1199,0
XCNAQ1842,0
XCNAQ1841,0
XCNAQ1840,0
XCNAQ1843,0
XCNAQ1006,0
XCNAQ1311,0
XCNAQ1007,0
XCNAQ634,0
XCNAQ635,0
XCNAQ008,0
XCNAQ596,0
XCNAQ597,0
XCNAQ595,0
XCNAQ916,0
XCNAQ915,0
XCNAQ918,0
XCNAQ917,0
XCNAQ317,0
XCNAQ314,0
XCNAQ313,0
XCNAQ315,0
XCNAQ1407,0
XCNAQ1403,0
XCNAQ1392,0
XCNAQ1400,0
XCNAQ1411,0
XCNAQ1395,0
XCNAQ1404,0
XCNAQ1391,0
XCNAQ1408,0
XCNAQ1401,0
XCNAQ1393,0
XCNAQ1405,0
CN_1080A,0
XCNAQ1406,0
XCNAQ1397,0
XCNAQ1402,0
XCNAQ1410,0
XCNAQ1394,0
XCNAQ1399,0
XCNAQ1409,0
XCNAQ1412,0
CN_1079A,0
CN_1077A,0
CN_1078A,0
XCNAQ1398,0
XCNAQ1280,0
XCNAQ1015,0
XCNAQ1014,0
CN_1050A,0
CN_1048A,0
XCNAQ1381,0
XCNAQ1384,0
XCNAQ1378,0
XCNAQ1370,0
XCNAQ1382,0
XCNAQ1380,0
XCNAQ1375,0
XCNAQ1389,0
XCNAQ1369,0
XCNAQ1386,0
XCNAQ1373,0
XCNAQ1371,0
CN_1047A,0
XCNAQ1390,0
CN_1049A,0
XCNAQ1372,0
XCNAQ1387,0
XCNAQ1383,0
XCNAQ1388,0
XCNAQ1385,0
XCNAQ1374,0
XCNAQ1377,0
XCNAQ1379,0
XCNAQ1376,0
XCNAQ851,0
XCNAQ852,0
XCNAQ850,0
XCNAQ854,0
XCNAQ853,0
XCNAQ345,0
XCNAQ2475,0
XCNAQ2474,0
XCNAQ2885,0
XCNAQ2476,0
CN_1319A,0
XCNAQ2488,0
CN_1321A,0
CN_1324A,0
XCNAQ2477,0
XCNAQ2478,0
CN_1322A,0
XCNAQ2481,0
XCNAQ2482,0
XCNAQ2484,0
XCNAQ2485,0
XCNAQ2483,0
CN_1323A,0
CN_1316A,0
XCNAQ2487,0
XCNAQ2486,0
CN_1320A,0
XCNAQ2479,0
XCNAQ2480,0
CN_1317A,0
CN_1318A,0
XCNAQ862,0
XCNAQ863,0
XCNAQ864,0
XCNAQ861,0
XCNAQ860,0
XCNAQ1763,0
XCNAQ1761,0
XCNAQ375,0
XCNAQ1759,0
XCNAQ1762,0
XCNAQ376,0
XCNAQ377,0
XCNAQ378,0
XCNAQ1764,0
XCNAQ1758,0
XCNAQ1757,0
XCNAQ2905,0
XCNAQ379,0
XCNAQ1760,0
XCNAQ1766,0
XCNAQ1765,0
XCNAQ826,0
XCNAQ2751,0
XCNAQ824,0
XCNAQ2752,0
XCNAQ825,0
XCNAQ1044,0
XCNAQ1045,0
XCNAQ1264,0
CN_1417A,0
CN_1419A,0
CN_1430A,0
CN_1420A,0
CN_1416A,0
CN_1426A,0
CN_1424A,0
XCNAQ1236,0
CN_1422A,0
CN_1427A,0
CN_1425A,0
CN_1414A,0
CN_1421A,0
CN_1428A,0
CN_1418A,0
CN_1423A,0
CN_1415A,0
CN_1429A,0
XCNAQ1237,0
XCNAQ1238,0
XCNAQ1954,0
XCNAQ1951,0
XCNAQ1952,0
CN_1262A,0
XCNAQ1947,0
CN_1261A,0
XCNAQ1957,0
XCNAQ1946,0
XCNAQ1953,0
XCNAQ1948,0
XCNAQ1218,0
XCNAQ1955,0
XCNAQ1949,0
CN_1263A,0
XCNAQ1956,0
XCNAQ496,0
XCNAQ497,0
XCNAQ342,0
XCNAQ1299,0
XCNAQ341,0
XCNAQ477,0
XCNAQ029,0
XCNAQ307,0
XCNAQ295,0
XCNAQ052,0
XCNAQ891,0
XCNAQ890,0
XCNAQ892,0
XCNAQ624,0
XCNAQ623,0
XCNAQ1158,0
XCNAQ625,0
XCNAQ622,0
XCNAQ1159,0
XCNAQ974,0
XCNAQ973,0
XCNAQ327,0
XCNAQ370,0
XCNAQ326,0
XCNAQ328,0
XCNAQ1981,0
XCNAQ691,0
XCNAQ692,0
XCNAQ693,0
XCNAQ690,0
XCNAQ695,0
XCNAQ1982,0
XCNAQ694,0
XCNAQ1213,0
CN_1489A,0
CN_1487A,0
CN_1486A,0
XCNAQ1214,0
XCNAQ1212,0
CN_1488A,0
CN_1484A,0
CN_1485A,0
XCNAQ1783,0
XCNAQ609,0
XCNAQ608,0
XCNAQ1782,0
XCNAQ1781,0
XCNAQ1785,0
XCNAQ088,0
XCNAQ087,0
XCNAQ1153,0
XCNAQ360,0
XCNAQ1152,0
CN_1205A,0
XCNAQ1202,0
CN_1203A,0
CN_1202A,0
CN_1204A,0
XCNAQ1860,0
XCNAQ1861,0
CN_1124A,0
CN_1121A,0
CN_1123A,0
CN_1120A,0
CN_1128A,0
CN_1125A,0
CN_1126A,0
CN_1122A,0
CN_1119A,0
CN_1127A,0
CN_1340A,0
CN_1342A,0
CN_1344A,0
CN_1343A,0
CN_1338A,0
CN_1341A,0
CN_1335A,0
CN_1339A,0
CN_1337A,0
CN_1336A,0
XCNAQ1615,0
XCNAQ1605,0
XCNAQ1600,0
XCNAQ1601,0
XCNAQ1618,0
XCNAQ1609,0
XCNAQ1620,0
XCNAQ1611,0
XCNAQ1616,0
XCNAQ1613,0
XCNAQ1604,0
XCNAQ062,0
XCNAQ1607,0
XCNAQ1178,0
XCNAQ1606,0
XCNAQ1617,0
XCNAQ1619,0
XCNAQ1610,0
XCNAQ1622,0
XCNAQ1602,0
XCNAQ064,0
XCNAQ1603,0
XCNAQ1608,0
XCNAQ061,0
XCNAQ1614,0
XCNAQ363,0
XCNAQ1621,0
XCNAQ006,0
XCNAQ1177,0
XCNAQ614,0
XCNAQ615,0
XCNAQ613,0
XCNAQ617,0
XCNAQ616,0
XCNAQ1176,0
XCNAQ2003,0
XCNAQ2004,0
XCNAQ705,0
XCNAQ704,0
XCNAQ706,0
XCNAQ2002,0
XCNAQ2001,0
XCNAQ1225,0
XCNAQ2000,0
XCNAQ2005,0
XCNAQ2006,0
XCNAQ889,0
XCNAQ887,0
XCNAQ888,0
XCNAQ442,0
XCNAQ441,0
XCNAQ440,0
XCNAQ1599,0
XCNAQ1597,0
XCNAQ1595,0
XCNAQ074,0
XCNAQ076,0
XCNAQ075,0
XCNAQ364,0
XCNAQ1598,0
XCNAQ1596,0
XCNAQ073,0
XCNAQ071,0
XCNAQ1081,0
XCNAQ1082,0
XCNAQ1092,0
XCNAQ1093,0
XCNAQ954,0
XCNAQ955,0
XCNAQ956,0
XCNAQ610,0
XCNAQ612,0
XCNAQ611,0
XCNAQ1017,0
XCNAQ1016,0
XCNAQ1052,0
XCNAQ1051,0
XCNAQ1231,0
XCNAQ839,0
XCNAQ840,0
XCNAQ841,0
XCNAQ2788,0
XCNAQ2787,0
XCNAQ941,0
XCNAQ944,0
XCNAQ943,0
XCNAQ942,0
CN_1307A,0
XCNAQ2286,0
XCNAQ2287,0
CN_1311A,0
XCNAQ2288,0
CN_1315A,0
XCNAQ2289,0
CN_1313A,0
CN_1309A,0
CN_1310A,0
CN_1312A,0
XCNAQ2290,0
XCNAQ2291,0
XCNAQ2292,0
XCNAQ2293,0
CN_1308A,0
XCNAQ2294,0
XCNAQ2295,0
XCNAQ2300,0
XCNAQ2301,0
XCNAQ2296,0
XCNAQ2297,0
XCNAQ2298,0
XCNAQ2299,0
CN_1314A,0
XCNAQ092,0
XCNAQ093,0
XCNAQ353,0
XCNAQ094,0
XCNAQ095,0
XCNAQ1170,0
XCNAQ090,0
XCNAQ263,0
XCNAQ262,0
XCNAQ264,0
XCNAQ261,0
XCNAQ265,0
XCNAQ1978,0
XCNAQ1975,0
XCNAQ1976,0
XCNAQ134,0
XCNAQ135,0
XCNAQ1977,0
XCNAQ136,0
XCNAQ133,0
XCNAQ137,0
XCNAQ2683,0
XCNAQ2682,0
XCNAQ814,0
XCNAQ812,0
XCNAQ813,0
XCNAQ2684,0
XCNAQ2685,0
XCNAQ2696,0
XCNAQ2697,0
XCNAQ2687,0
XCNAQ2686,0
XCNAQ2693,0
XCNAQ2692,0
XCNAQ2691,0
XCNAQ2690,0
XCNAQ2689,0
XCNAQ2688,0
XCNAQ2681,0
XCNAQ2680,0
XCNAQ2694,0
XCNAQ2695,0
XCNAQ648,0
XCNAQ645,0
XCNAQ647,0
XCNAQ646,0
XCNAQ786,0
XCNAQ785,0
XCNAQ2541,0
XCNAQ2540,0
XCNAQ2543,0
XCNAQ2542,0
XCNAQ787,0
XCNAQ2544,0
XCNAQ651,0
XCNAQ652,0
XCNAQ649,0
XCNAQ650,0
XCNAQ761,0
XCNAQ760,0
XCNAQ2185,0
XCNAQ2186,0
XCNAQ758,0
XCNAQ759,0
XCNAQ2189,0
XCNAQ2187,0
XCNAQ2188,0
XCNAQ757,0
XCNAQ023,0
XCNAQ2780,0
XCNAQ833,0
XCNAQ2774,0
XCNAQ2775,0
XCNAQ1235,0
XCNAQ2776,0
XCNAQ2777,0
XCNAQ834,0
XCNAQ2773,0
XCNAQ2779,0
XCNAQ2778,0
XCNAQ1058,0
XCNAQ1991,0
XCNAQ1106,0
XCNAQ1990,0
XCNAQ1993,0
XCNAQ1992,0
XCNAQ1107,0
XCNAQ700,0
XCNAQ2891,0
XCNAQ819,0
XCNAQ2719,0
XCNAQ817,0
XCNAQ815,0
XCNAQ1306,0
XCNAQ818,0
XCNAQ2718,0
XCNAQ816,0
XCNAQ668,0
XCNAQ669,0
XCNAQ670,0
XCNAQ1230,0
XCNAQ979,0
XCNAQ980,0
XCNAQ981,0
XCNAQ977,0
XCNAQ978,0
XCNAQ220,0
XCNAQ117,0
XCNAQ115,0
XCNAQ113,0
XCNAQ116,0
XCNAQ456,0
XCNAQ2138,0
XCNAQ2139,0
XCNAQ2137,0
XCNAQ2142,0
XCNAQ2141,0
XCNAQ2140,0
XCNAQ2135,0
XCNAQ2136,0
XCNAQ737,0
XCNAQ738,0
XCNAQ736,0
XCNAQ735,0
