,station,province
0,MACG,Macau
1,ANNAN,Taiwan
2,BANQIAO,Taiwan
3,CAILIAO,Taiwan
4,CB_R,Hongkong
5,CL_R,Hongkong
6,CW_A,Hongkong
7,CHANGHUA,Taiwan
8,CHAOZHOU,Taiwan
9,CHIAYI,Taiwan
10,DALI,Taiwan
11,DALIAO,Taiwan
12,DATONG,Taiwan
13,DAYUAN,Taiwan
14,DONGSHAN,Taiwan
15,DOULIU,Taiwan
16,EN_A,Hongkong
17,ERLIN,Taiwan
18,FENGSHAN,Taiwan
19,FENGYUAN,Taiwan
20,FUGUEICAPE,Taiwan
21,FUXING,Taiwan
22,GUANSHAN,Taiwan
23,GUANYIN,Taiwan
24,GUTING,Taiwan
25,HENGCHUN,Taiwan
26,PH1,Hongkong
27,PH5,Hongkong
28,HSINCHU,Taiwan
29,HUALIEN,Taiwan
30,HUKOU,Taiwan
31,KEELUNG,Taiwan
32,KINMEN,Fujian
33,KC_A,Hongkong
34,KT_A,Hongkong
35,LINKOU,Taiwan
36,LINYUAN,Taiwan
37,CN_1361A,Guangdong
38,LONGTAN,Taiwan
39,LUNBEI,Taiwan
40,MAGONG,Taiwan
41,MAILIAO,Taiwan
42,MATSU,Fujian
43,MEINONG,Taiwan
44,MIAOLI,Taiwan
45,MKaR,Hongkong
46,NANTOU,Taiwan
47,NANZI,Taiwan
48,PINGTUNG,Taiwan
49,PINGZHEN,Taiwan
50,PULI,Taiwan
51,PUZI,Taiwan
52,QIANJIN,Taiwan
53,QIANZHEN,Taiwan
54,QIAOTOU,Taiwan
55,RENWU,Taiwan
56,SANCHONG,Taiwan
57,SANYI,Taiwan
58,ST_A,Hongkong
59,SHALU,Taiwan
60,SP_A,Hongkong
61,SHANHUA,Taiwan
62,SHILIN,Taiwan
63,SONGSHAN,Taiwan
64,TP_A,Hongkong
65,TAINAN,Taiwan
66,TAITUNG,Taiwan
67,TAIXI,Taiwan
68,TAMSUI,Taiwan
69,TAOYUAN,Taiwan
70,MB_A,Hongkong
71,TOUFEN,Taiwan
72,TK_A,Hongkong
73,TW_A,Hongkong
74,TUCHENG,Taiwan
75,TM_A,Hongkong
76,TC_A,Hongkong
77,WANHUA,Taiwan
78,WANLI,Taiwan
79,XIANXI,Taiwan
80,XIAOGANG,Taiwan
81,XINDIAN,Taiwan
82,XINGANG,Taiwan
83,XINYING,Taiwan
84,XINZHUANG,Taiwan
85,XITUN,Taiwan
86,XIZHI,Taiwan
87,YANGMING,Taiwan
88,CN_1360A,Guangdong
89,YILAN,Taiwan
90,YONGHE,Taiwan
91,YL_A,Hongkong
92,ZHONGLI,Taiwan
93,ZHONGMING,Taiwan
94,ZHONGSHAN,Taiwan
95,ZHUDONG,Taiwan
96,ZHUSHAN,Taiwan
97,ZUOYING,Taiwan
98,XCNAQ666,Heilongjiang
99,XCNAQ665,Heilongjiang
100,XCNAQ667,Heilongjiang
101,XCNAQ021,Guangdong
102,XCNAQ473,Hainan
103,XCNAQ474,Hainan
104,XCNAQ729,Fujian
105,XCNAQ728,Fujian
106,XCNAQ2065,Fujian
107,XCNAQ727,Fujian
108,XCNAQ2070,Fujian
109,XCNAQ2067,Fujian
110,XCNAQ2072,Fujian
111,XCNAQ2066,Fujian
112,XCNAQ2063,Fujian
113,XCNAQ2075,Fujian
114,XCNAQ2074,Fujian
115,XCNAQ2073,Fujian
116,XCNAQ2076,Fujian
117,XCNAQ2069,Fujian
118,XCNAQ2068,Fujian
119,XCNAQ2071,Fujian
120,XCNAQ730,Fujian
121,XCNAQ2064,Fujian
122,XCNAQ2062,Fujian
123,XCNAQ2061,Fujian
124,XCNAQ294,Sichuan
125,XCNAQ2608,Henan
126,XCNAQ2605,Henan
127,XCNAQ2606,Henan
128,XCNAQ208,Henan
129,XCNAQ211,Henan
130,XCNAQ2604,Henan
131,XCNAQ2882,Henan
132,XCNAQ2603,Henan
133,XCNAQ2609,Henan
134,XCNAQ2610,Henan
135,XCNAQ1253,Henan
136,XCNAQ2607,Henan
137,XCNAQ209,Henan
138,XCNAQ1795,Shanghai
139,CN_1142A,Shanghai
140,XCNAQ1283,Shanghai
141,XCNAQ1826,Shanghai
142,XCNAQ1813,Shanghai
143,XCNAQ1802,Shanghai
144,XCNAQ1825,Shanghai
145,XCNAQ1820,Shanghai
146,XCNAQ1815,Shanghai
147,XCNAQ1821,Shanghai
148,XCNAQ1792,Shanghai
149,XCNAQ1822,Shanghai
150,XCNAQ1812,Shanghai
151,XCNAQ1786,Shanghai
152,XCNAQ1810,Shanghai
153,XCNAQ1811,Shanghai
154,XCNAQ1794,Shanghai
155,CN_1144A,Shanghai
156,XCNAQ1284,Shanghai
157,CN_1141A,Shanghai
158,XCNAQ1816,Shanghai
159,CN_1145A,Shanghai
160,XCNAQ1798,Shanghai
161,XCNAQ1797,Shanghai
162,XCNAQ1791,Shanghai
163,XCNAQ1808,Shanghai
164,XCNAQ1807,Shanghai
165,XCNAQ1801,Shanghai
166,CN_1148A,Shanghai
167,CN_1150A,Shanghai
168,XCNAQ1787,Shanghai
169,CN_1149A,Shanghai
170,CN_1143A,Shanghai
171,XCNAQ1809,Shanghai
172,XCNAQ1823,Shanghai
173,XCNAQ1814,Shanghai
174,XCNAQ1804,Shanghai
175,XCNAQ1824,Shanghai
176,XCNAQ1800,Shanghai
177,XCNAQ1803,Shanghai
178,XCNAQ1819,Shanghai
179,XCNAQ1789,Shanghai
180,XCNAQ1790,Shanghai
181,XCNAQ1788,Shanghai
182,XCNAQ1805,Shanghai
183,XCNAQ1806,Shanghai
184,CN_1146A,Shanghai
185,XCNAQ1817,Shanghai
186,XCNAQ1793,Shanghai
187,XCNAQ1796,Shanghai
188,XCNAQ1818,Shanghai
189,CN_1147A,Shanghai
190,XCNAQ1799,Shanghai
191,XCNAQ2268,Jiangxi
192,XCNAQ2260,Jiangxi
193,XCNAQ2266,Jiangxi
194,XCNAQ783,Jiangxi
195,XCNAQ2269,Jiangxi
196,XCNAQ782,Jiangxi
197,XCNAQ2261,Jiangxi
198,XCNAQ784,Jiangxi
199,XCNAQ2265,Jiangxi
200,XCNAQ2271,Jiangxi
201,XCNAQ2270,Jiangxi
202,XCNAQ2264,Jiangxi
203,XCNAQ2262,Jiangxi
204,XCNAQ781,Jiangxi
205,XCNAQ2267,Jiangxi
206,XCNAQ2263,Jiangxi
207,XCNAQ045,Beijing
208,CN_1387A,Guangdong
209,CN_1390A,Guangdong
210,CN_1388A,Guangdong
211,CN_1391A,Guangdong
212,XCNAQ2840,Guangdong
213,XCNAQ2839,Guangdong
214,XCNAQ2841,Guangdong
215,CN_1389A,Guangdong
216,XCNAQ2325,Shandong
217,XCNAQ2324,Shandong
218,XCNAQ395,Shandong
219,XCNAQ449,Shandong
220,XCNAQ2326,Shandong
221,XCNAQ1254,Shandong
222,XCNAQ2320,Shandong
223,XCNAQ2322,Shandong
224,XCNAQ396,Shandong
225,XCNAQ2321,Shandong
226,XCNAQ2323,Shandong
227,XCNAQ397,Shandong
228,XCNAQ1067,Ningxia
229,XCNAQ1066,Ningxia
230,XCNAQ1068,Ningxia
231,XCNAQ2845,Guangdong
232,CN_1379A,Guangdong
233,XCNAQ2844,Guangdong
234,XCNAQ2842,Guangdong
235,CN_1380A,Guangdong
236,XCNAQ2843,Guangdong
237,CN_1382A,Guangdong
238,CN_1381A,Guangdong
239,XCNAQ091,Liaoning
240,XCNAQ1054,Gansu
241,XCNAQ1053,Gansu
242,XCNAQ507,Zhejiang
243,XCNAQ2901,Zhejiang
244,XCNAQ508,Zhejiang
245,XCNAQ2900,Zhejiang
246,XCNAQ1719,Shanxi
247,XCNAQ1721,Shanxi
248,XCNAQ068,Shanxi
249,XCNAQ1723,Shanxi
250,XCNAQ1713,Shanxi
251,XCNAQ1703,Shanxi
252,XCNAQ1717,Shanxi
253,XCNAQ1711,Shanxi
254,XCNAQ1720,Shanxi
255,XCNAQ1716,Shanxi
256,XCNAQ1240,Shanxi
257,XCNAQ1708,Shanxi
258,XCNAQ1710,Shanxi
259,XCNAQ1707,Shanxi
260,XCNAQ1286,Shanxi
261,XCNAQ069,Shanxi
262,XCNAQ066,Shanxi
263,XCNAQ065,Shanxi
264,XCNAQ1725,Shanxi
265,XCNAQ1722,Shanxi
266,XCNAQ1709,Shanxi
267,XCNAQ1714,Shanxi
268,XCNAQ1705,Shanxi
269,XCNAQ1718,Shanxi
270,XCNAQ1715,Shanxi
271,XCNAQ1724,Shanxi
272,XCNAQ1706,Shanxi
273,XCNAQ1704,Shanxi
274,XCNAQ2392,Shandong
275,XCNAQ2395,Shandong
276,XCNAQ398,Shandong
277,XCNAQ2393,Shandong
278,XCNAQ399,Shandong
279,XCNAQ400,Shandong
280,XCNAQ2394,Shandong
281,XCNAQ401,Shandong
282,XCNAQ990,Yunnan
283,XCNAQ989,Yunnan
284,XCNAQ1168,Liaoning
285,XCNAQ380,Liaoning
286,XCNAQ381,Liaoning
287,XCNAQ1169,Liaoning
288,XCNAQ1167,Liaoning
289,XCNAQ382,Liaoning
290,XCNAQ383,Liaoning
291,XCNAQ1934,Zhejiang
292,CN_1269A,Zhejiang
293,XCNAQ1930,Zhejiang
294,XCNAQ1933,Zhejiang
295,XCNAQ1935,Zhejiang
296,XCNAQ1936,Zhejiang
297,XCNAQ1932,Zhejiang
298,XCNAQ1928,Zhejiang
299,CN_1267A,Zhejiang
300,XCNAQ1937,Zhejiang
301,CN_1268A,Zhejiang
302,XCNAQ1931,Zhejiang
303,XCNAQ1929,Zhejiang
304,XCNAQ987,Yunnan
305,XCNAQ988,Yunnan
306,XCNAQ986,Yunnan
307,XCNAQ503,Zhejiang
308,XCNAQ504,Zhejiang
309,XCNAQ1250,Neimenggu
310,XCNAQ1775,Neimenggu
311,XCNAQ1778,Neimenggu
312,XCNAQ1774,Neimenggu
313,XCNAQ2884,Neimenggu
314,XCNAQ1777,Neimenggu
315,XCNAQ1776,Neimenggu
316,XCNAQ603,Neimenggu
317,XCNAQ604,Neimenggu
318,XCNAQ594,Neimenggu
319,XCNAQ593,Neimenggu
320,XCNAQ592,Neimenggu
321,CN_1495A,Xinjiang
322,CN_1494A,Xinjiang
323,XCNAQ1249,Xinjiang
324,CN_1491A,Xinjiang
325,CN_1492A,Xinjiang
326,CN_1490A,Xinjiang
327,CN_1496A,Xinjiang
328,CN_1493A,Xinjiang
329,XCNAQ923,Sichuan
330,XCNAQ926,Sichuan
331,XCNAQ925,Sichuan
332,XCNAQ924,Sichuan
333,XCNAQ1274,Sichuan
334,XCNAQ2170,Jiangxi
335,XCNAQ148,Jiangxi
336,XCNAQ2172,Jiangxi
337,XCNAQ2173,Jiangxi
338,XCNAQ2183,Jiangxi
339,XCNAQ151,Jiangxi
340,XCNAQ1291,Jiangxi
341,XCNAQ2176,Jiangxi
342,XCNAQ147,Jiangxi
343,XCNAQ2180,Jiangxi
344,XCNAQ2175,Jiangxi
345,XCNAQ2171,Jiangxi
346,XCNAQ2174,Jiangxi
347,XCNAQ2178,Jiangxi
348,XCNAQ2179,Jiangxi
349,XCNAQ2181,Jiangxi
350,XCNAQ2182,Jiangxi
351,XCNAQ153,Jiangxi
352,XCNAQ146,Jiangxi
353,XCNAQ150,Jiangxi
354,XCNAQ152,Jiangxi
355,XCNAQ2177,Jiangxi
356,XCNAQ511,Shandong
357,XCNAQ512,Shandong
358,XCNAQ210,Henan
359,XCNAQ443,Guangdong
360,XCNAQ444,Guangdong
361,XCNAQ445,Guangdong
362,XCNAQ1096,Xinjiang
363,XCNAQ346,Ningxia
364,XCNAQ715,Anhui
365,XCNAQ2018,Anhui
366,XCNAQ714,Anhui
367,XCNAQ2017,Anhui
368,XCNAQ2019,Anhui
369,XCNAQ051,Chongqing
370,XCNAQ657,Heilongjiang
371,XCNAQ658,Heilongjiang
372,XCNAQ659,Heilongjiang
373,XCNAQ1088,Xinjiang
374,XCNAQ1089,Xinjiang
375,XCNAQ1090,Xinjiang
376,CN_1378A,Guangdong
377,CN_1377A,Guangdong
378,XCNAQ2822,Guangdong
379,CN_1372A,Guangdong
380,XCNAQ2821,Guangdong
381,XCNAQ2818,Guangdong
382,CN_1373A,Guangdong
383,CN_1375A,Guangdong
384,XCNAQ047,Guangdong
385,CN_1371A,Guangdong
386,XCNAQ2820,Guangdong
387,XCNAQ025,Guangdong
388,CN_1374A,Guangdong
389,CN_1376A,Guangdong
390,XCNAQ2823,Guangdong
391,XCNAQ660,Heilongjiang
392,XCNAQ663,Heilongjiang
393,XCNAQ661,Heilongjiang
394,XCNAQ664,Heilongjiang
395,XCNAQ662,Heilongjiang
396,CN_1052A,Hebei
397,XCNAQ1430,Hebei
398,XCNAQ1428,Hebei
399,XCNAQ1440,Hebei
400,CN_1054A,Hebei
401,XCNAQ1431,Hebei
402,XCNAQ1417,Hebei
403,XCNAQ1422,Hebei
404,XCNAQ1437,Hebei
405,XCNAQ1435,Hebei
406,XCNAQ1433,Hebei
407,XCNAQ1414,Hebei
408,CN_1053A,Hebei
409,XCNAQ1424,Hebei
410,XCNAQ1420,Hebei
411,XCNAQ1419,Hebei
412,XCNAQ1421,Hebei
413,XCNAQ1426,Hebei
414,XCNAQ1413,Hebei
415,XCNAQ1415,Hebei
416,CN_1051A,Hebei
417,XCNAQ1416,Hebei
418,XCNAQ1423,Hebei
419,CN_1056A,Hebei
420,CN_1055A,Hebei
421,XCNAQ1441,Hebei
422,XCNAQ1427,Hebei
423,XCNAQ1439,Hebei
424,XCNAQ1438,Hebei
425,XCNAQ1425,Hebei
426,XCNAQ1434,Hebei
427,XCNAQ1429,Hebei
428,XCNAQ1436,Hebei
429,XCNAQ1418,Hebei
430,XCNAQ1432,Hebei
431,XCNAQ982,Yunnan
432,XCNAQ983,Yunnan
433,XCNAQ2649,Henan
434,XCNAQ2648,Henan
435,XCNAQ558,Henan
436,XCNAQ2653,Henan
437,XCNAQ2652,Henan
438,XCNAQ2654,Henan
439,XCNAQ2655,Henan
440,XCNAQ560,Henan
441,XCNAQ559,Henan
442,XCNAQ557,Henan
443,XCNAQ2661,Henan
444,XCNAQ2660,Henan
445,XCNAQ2651,Henan
446,XCNAQ2650,Henan
447,XCNAQ2659,Henan
448,XCNAQ2658,Henan
449,XCNAQ2657,Henan
450,XCNAQ2656,Henan
451,XCNAQ2647,Henan
452,XCNAQ2646,Henan
453,XCNAQ1097,Xinjiang
454,XCNAQ479,Xinjiang
455,XCNAQ352,Xinjiang
456,XCNAQ351,Xinjiang
457,XCNAQ349,Xinjiang
458,XCNAQ350,Xinjiang
459,XCNAQ114,Heilongjiang
460,XCNAQ2015,Anhui
461,XCNAQ713,Anhui
462,XCNAQ712,Anhui
463,XCNAQ711,Anhui
464,XCNAQ710,Anhui
465,XCNAQ2014,Anhui
466,XCNAQ2013,Anhui
467,XCNAQ2012,Anhui
468,XCNAQ2016,Anhui
469,XCNAQ968,Guizhou
470,XCNAQ967,Guizhou
471,XCNAQ966,Guizhou
472,XCNAQ964,Guizhou
473,XCNAQ965,Guizhou
474,CN_1476A,Gansu
475,XCNAQ1300,Gansu
476,CN_1477A,Gansu
477,CN_1478A,Gansu
478,CN_1475A,Gansu
479,CN_1479A,Gansu
480,XCNAQ167,Shandong
481,XCNAQ1251,Neimenggu
482,XCNAQ1779,Neimenggu
483,XCNAQ605,Neimenggu
484,XCNAQ607,Neimenggu
485,XCNAQ606,Neimenggu
486,XCNAQ920,Sichuan
487,XCNAQ921,Sichuan
488,XCNAQ922,Sichuan
489,XCNAQ919,Sichuan
490,XCNAQ962,Sichuan
491,XCNAQ961,Sichuan
492,XCNAQ960,Sichuan
493,XCNAQ963,Sichuan
494,XCNAQ959,Sichuan
495,XCNAQ163,Shandong
496,XCNAQ041,Beijing
497,XCNAQ078,Neimenggu
498,XCNAQ422,Neimenggu
499,XCNAQ1749,Neimenggu
500,XCNAQ079,Neimenggu
501,XCNAQ1747,Neimenggu
502,XCNAQ077,Neimenggu
503,XCNAQ365,Neimenggu
504,XCNAQ1745,Neimenggu
505,XCNAQ1750,Neimenggu
506,XCNAQ1746,Neimenggu
507,XCNAQ1748,Neimenggu
508,XCNAQ080,Neimenggu
509,CN_1001A,Beijing
510,CN_1003A,Beijing
511,XCNAQ005,Beijing
512,XCNAQ004,Beijing
513,XCNAQ009,Beijing
514,XCNAQ038,Beijing
515,XCNAQ1317,Beijing
516,XCNAQ039,Beijing
517,XCNAQ1313,Beijing
518,XCNAQ1318,Beijing
519,XCNAQ040,Beijing
520,CN_1005A,Beijing
521,XCNAQ003,Beijing
522,XCNAQ1316,Beijing
523,CN_1012A,Beijing
524,XCNAQ1314,Beijing
525,CN_1004A,Beijing
526,CN_1011A,Beijing
527,CN_1006A,Beijing
528,CN_1002A,Beijing
529,XCNAQ014,Beijing
530,XCNAQ012,Beijing
531,XCNAQ446,Beijing
532,CN_1009A,Beijing
533,CN_1010A,Beijing
534,CN_1007A,Beijing
535,XCNAQ007,Beijing
536,XCNAQ1315,Beijing
537,CN_1008A,Beijing
538,XCNAQ010,Beijing
539,XCNAQ275,Guangxi
540,XCNAQ276,Guangxi
541,XCNAQ274,Guangxi
542,XCNAQ277,Guangxi
543,XCNAQ2724,Hubei
544,XCNAQ2725,Hubei
545,XCNAQ822,Hubei
546,XCNAQ2721,Hubei
547,XCNAQ2727,Hubei
548,XCNAQ820,Hubei
549,XCNAQ2722,Hubei
550,XCNAQ821,Hubei
551,XCNAQ2728,Hubei
552,XCNAQ2723,Hubei
553,XCNAQ2720,Hubei
554,XCNAQ2726,Hubei
555,XCNAQ2730,Hubei
556,XCNAQ2729,Hubei
557,XCNAQ823,Hubei
558,XCNAQ044,Beijing
559,CN_1154A,Jiangsu
560,CN_1159A,Jiangsu
561,XCNAQ1827,Jiangsu
562,XCNAQ1830,Jiangsu
563,XCNAQ1828,Jiangsu
564,XCNAQ1829,Jiangsu
565,CN_1158A,Jiangsu
566,CN_1153A,Jiangsu
567,CN_1157A,Jiangsu
568,CN_1156A,Jiangsu
569,CN_1155A,Jiangsu
570,CN_1152A,Jiangsu
571,CN_1151A,Jiangsu
572,XCNAQ288,Sichuan
573,XCNAQ287,Sichuan
574,XCNAQ284,Sichuan
575,XCNAQ289,Sichuan
576,XCNAQ285,Sichuan
577,XCNAQ286,Sichuan
578,CN_1405A,Guangxi
579,CN_1402A,Guangxi
580,CN_1406A,Guangxi
581,CN_1404A,Guangxi
582,CN_1403A,Guangxi
583,CN_1401A,Guangxi
584,CN_1408A,Guangxi
585,CN_1407A,Guangxi
586,XCNAQ2115,Fujian
587,XCNAQ2118,Fujian
588,XCNAQ2119,Fujian
589,XCNAQ734,Fujian
590,XCNAQ732,Fujian
591,XCNAQ733,Fujian
592,XCNAQ2117,Fujian
593,XCNAQ2127,Fujian
594,XCNAQ2130,Fujian
595,XCNAQ2134,Fujian
596,XCNAQ2133,Fujian
597,XCNAQ2123,Fujian
598,XCNAQ2122,Fujian
599,XCNAQ2121,Fujian
600,XCNAQ2120,Fujian
601,XCNAQ2132,Fujian
602,XCNAQ2128,Fujian
603,XCNAQ2129,Fujian
604,XCNAQ2131,Fujian
605,XCNAQ2116,Fujian
606,XCNAQ731,Fujian
607,XCNAQ2126,Fujian
608,XCNAQ2125,Fujian
609,XCNAQ2124,Fujian
610,XCNAQ2114,Fujian
611,XCNAQ2153,Jiangxi
612,CN_1293A,Jiangxi
613,XCNAQ2158,Jiangxi
614,XCNAQ2159,Jiangxi
615,XCNAQ2161,Jiangxi
616,CN_1294A,Jiangxi
617,XCNAQ2160,Jiangxi
618,XCNAQ1255,Jiangxi
619,CN_1292A,Jiangxi
620,CN_1296A,Jiangxi
621,XCNAQ2156,Jiangxi
622,CN_1290A,Jiangxi
623,CN_1291A,Jiangxi
624,CN_1298A,Jiangxi
625,CN_1297A,Jiangxi
626,XCNAQ2154,Jiangxi
627,CN_1295A,Jiangxi
628,XCNAQ2162,Jiangxi
629,XCNAQ2155,Jiangxi
630,XCNAQ2157,Jiangxi
631,XCNAQ070,Shanxi
632,XCNAQ1835,Jiangsu
633,XCNAQ1837,Jiangsu
634,XCNAQ1838,Jiangsu
635,XCNAQ1839,Jiangsu
636,XCNAQ1836,Jiangsu
637,CN_1168A,Jiangsu
638,CN_1170A,Jiangsu
639,CN_1171A,Jiangsu
640,CN_1172A,Jiangsu
641,CN_1169A,Jiangsu
642,XCNAQ2620,Henan
643,XCNAQ2619,Henan
644,XCNAQ2612,Henan
645,XCNAQ2611,Henan
646,XCNAQ2625,Henan
647,XCNAQ2628,Henan
648,XCNAQ2626,Henan
649,XCNAQ2627,Henan
650,XCNAQ2614,Henan
651,XCNAQ2613,Henan
652,XCNAQ2629,Henan
653,XCNAQ2630,Henan
654,XCNAQ806,Henan
655,XCNAQ805,Henan
656,XCNAQ2621,Henan
657,XCNAQ2622,Henan
658,XCNAQ803,Henan
659,XCNAQ807,Henan
660,XCNAQ804,Henan
661,XCNAQ2624,Henan
662,XCNAQ2623,Henan
663,XCNAQ2615,Henan
664,XCNAQ2616,Henan
665,XCNAQ2632,Henan
666,XCNAQ2631,Henan
667,XCNAQ2618,Henan
668,XCNAQ2617,Henan
669,XCNAQ1079,Xinjiang
670,XCNAQ1080,Xinjiang
671,XCNAQ513,Shandong
672,XCNAQ514,Shandong
673,XCNAQ2053,Fujian
674,XCNAQ2056,Fujian
675,XCNAQ2059,Fujian
676,XCNAQ2057,Fujian
677,CN_1287A,Fujian
678,XCNAQ2054,Fujian
679,XCNAQ2058,Fujian
680,CN_1289A,Fujian
681,CN_1286A,Fujian
682,XCNAQ2055,Fujian
683,CN_1288A,Fujian
684,XCNAQ048,Guangdong
685,XCNAQ654,Heilongjiang
686,XCNAQ653,Heilongjiang
687,XCNAQ655,Heilongjiang
688,XCNAQ656,Heilongjiang
689,XCNAQ482,Jiangsu
690,XCNAQ483,Jiangsu
691,XCNAQ1920,Zhejiang
692,XCNAQ1927,Zhejiang
693,XCNAQ1924,Zhejiang
694,XCNAQ1923,Zhejiang
695,CN_1256A,Zhejiang
696,XCNAQ1921,Zhejiang
697,XCNAQ1919,Zhejiang
698,XCNAQ1926,Zhejiang
699,XCNAQ1922,Zhejiang
700,XCNAQ1925,Zhejiang
701,CN_1257A,Zhejiang
702,CN_1255A,Zhejiang
703,CN_1271A,Anhui
704,CN_1277A,Anhui
705,XCNAQ1961,Anhui
706,XCNAQ1964,Anhui
707,CN_1275A,Anhui
708,CN_1270A,Anhui
709,CN_1278A,Anhui
710,CN_1272A,Anhui
711,CN_1276A,Anhui
712,XCNAQ1963,Anhui
713,XCNAQ1962,Anhui
714,CN_1273A,Anhui
715,XCNAQ1960,Anhui
716,CN_1274A,Anhui
717,CN_1279A,Anhui
718,XCNAQ2232,Jiangxi
719,XCNAQ2235,Jiangxi
720,XCNAQ2225,Jiangxi
721,XCNAQ2223,Jiangxi
722,XCNAQ2226,Jiangxi
723,XCNAQ2233,Jiangxi
724,XCNAQ2227,Jiangxi
725,XCNAQ768,Jiangxi
726,XCNAQ769,Jiangxi
727,XCNAQ2228,Jiangxi
728,XCNAQ2229,Jiangxi
729,XCNAQ2234,Jiangxi
730,XCNAQ2230,Jiangxi
731,XCNAQ767,Jiangxi
732,XCNAQ2231,Jiangxi
733,XCNAQ2224,Jiangxi
734,XCNAQ770,Jiangxi
735,XCNAQ111,Jilin
736,XCNAQ107,Jilin
737,XCNAQ1196,Jilin
738,XCNAQ455,Jilin
739,XCNAQ106,Jilin
740,XCNAQ108,Jilin
741,XCNAQ110,Jilin
742,XCNAQ109,Jilin
743,XCNAQ1073,Xinjiang
744,XCNAQ1072,Xinjiang
745,XCNAQ1740,Shanxi
746,XCNAQ1728,Shanxi
747,XCNAQ1733,Shanxi
748,XCNAQ1736,Shanxi
749,XCNAQ1741,Shanxi
750,XCNAQ1734,Shanxi
751,XCNAQ1729,Shanxi
752,XCNAQ1726,Shanxi
753,XCNAQ1737,Shanxi
754,XCNAQ1739,Shanxi
755,XCNAQ1727,Shanxi
756,XCNAQ1730,Shanxi
757,XCNAQ1735,Shanxi
758,XCNAQ1738,Shanxi
759,XCNAQ591,Shanxi
760,XCNAQ1731,Shanxi
761,XCNAQ1105,Shanxi
762,XCNAQ1104,Shanxi
763,XCNAQ1732,Shanxi
764,XCNAQ1223,Shanxi
765,XCNAQ240,Hunan
766,XCNAQ1063,Ningxia
767,XCNAQ1065,Ningxia
768,XCNAQ1064,Ningxia
769,XCNAQ538,Jiangsu
770,XCNAQ484,Jiangsu
771,XCNAQ485,Jiangsu
772,XCNAQ562,Henan
773,XCNAQ2667,Henan
774,XCNAQ2666,Henan
775,XCNAQ2675,Henan
776,XCNAQ2674,Henan
777,XCNAQ564,Henan
778,XCNAQ561,Henan
779,XCNAQ563,Henan
780,XCNAQ2663,Henan
781,XCNAQ2662,Henan
782,XCNAQ2669,Anhui
783,XCNAQ2668,Henan
784,XCNAQ2673,Henan
785,XCNAQ2672,Henan
786,XCNAQ2665,Henan
787,XCNAQ2664,Henan
788,XCNAQ2670,Henan
789,XCNAQ2671,Henan
790,XCNAQ2679,Henan
791,XCNAQ2678,Henan
792,XCNAQ2676,Henan
793,XCNAQ2677,Henan
794,XCNAQ1769,Neimenggu
795,XCNAQ598,Neimenggu
796,XCNAQ1262,Neimenggu
797,XCNAQ599,Neimenggu
798,XCNAQ1768,Heilongjiang
799,XCNAQ1770,Neimenggu
800,XCNAQ2906,Neimenggu
801,XCNAQ1771,Neimenggu
802,CN_1095A,Neimenggu
803,CN_1092A,Neimenggu
804,CN_1097A,Neimenggu
805,CN_1090A,Neimenggu
806,XCNAQ1744,Neimenggu
807,XCNAQ1743,Neimenggu
808,CN_1094A,Neimenggu
809,CN_1091A,Neimenggu
810,CN_1096A,Neimenggu
811,XCNAQ1742,Neimenggu
812,CN_1093A,Neimenggu
813,XCNAQ1087,Xinjiang
814,XCNAQ1086,Xinjiang
815,XCNAQ837,Hubei
816,XCNAQ2785,Hubei
817,XCNAQ2786,Hubei
818,XCNAQ836,Hubei
819,XCNAQ835,Hubei
820,XCNAQ2784,Hubei
821,XCNAQ2783,Hubei
822,XCNAQ2782,Hubei
823,XCNAQ838,Hubei
824,XCNAQ1298,Shaanxi
825,XCNAQ369,Shaanxi
826,XCNAQ323,Shaanxi
827,XCNAQ324,Shaanxi
828,XCNAQ325,Shaanxi
829,XCNAQ1075,Xinjiang
830,XCNAQ1074,Xinjiang
831,CN_1136A,Heilongjiang
832,CN_1132A,Heilongjiang
833,CN_1139A,Heilongjiang
834,CN_1133A,Heilongjiang
835,CN_1129A,Heilongjiang
836,CN_1138A,Heilongjiang
837,CN_1130A,Heilongjiang
838,CN_1140A,Heilongjiang
839,CN_1134A,Heilongjiang
840,CN_1137A,Heilongjiang
841,CN_1131A,Heilongjiang
842,CN_1135A,Heilongjiang
843,XCNAQ1529,Hebei
844,XCNAQ1528,Hebei
845,XCNAQ1544,Hebei
846,XCNAQ1535,Hebei
847,XCNAQ1541,Hebei
848,CN_1036A,Hebei
849,XCNAQ1546,Hebei
850,CN_1040A,Hebei
851,XCNAQ1531,Hebei
852,XCNAQ1548,Hebei
853,CN_1041A,Hebei
854,XCNAQ1547,Hebei
855,XCNAQ1537,Hebei
856,XCNAQ1539,Hebei
857,XCNAQ1530,Hebei
858,XCNAQ1526,Hebei
859,XCNAQ1538,Hebei
860,XCNAQ1534,Hebei
861,XCNAQ1533,Hebei
862,CN_1038A,Hebei
863,XCNAQ1532,Hebei
864,XCNAQ1540,Hebei
865,XCNAQ1543,Hebei
866,XCNAQ1545,Hebei
867,XCNAQ1527,Hebei
868,XCNAQ1524,Hebei
869,XCNAQ1525,Hebei
870,CN_1039A,Hebei
871,CN_1037A,Hebei
872,XCNAQ2642,Henan
873,XCNAQ2643,Henan
874,XCNAQ2637,Henan
875,XCNAQ2638,Henan
876,XCNAQ2639,Henan
877,XCNAQ2633,Henan
878,XCNAQ2634,Henan
879,XCNAQ2644,Henan
880,XCNAQ2645,Henan
881,XCNAQ808,Henan
882,XCNAQ2636,Henan
883,XCNAQ2635,Henan
884,XCNAQ810,Henan
885,XCNAQ811,Henan
886,XCNAQ809,Henan
887,XCNAQ2640,Henan
888,XCNAQ2641,Henan
889,XCNAQ1032,Shaanxi
890,XCNAQ1281,Shaanxi
891,XCNAQ1031,Shaanxi
892,XCNAQ1084,Xinjiang
893,XCNAQ1083,Xinjiang
894,XCNAQ1085,Xinjiang
895,XCNAQ1903,Zhejiang
896,XCNAQ1207,Zhejiang
897,XCNAQ1900,Zhejiang
898,CN_1253A,Zhejiang
899,XCNAQ1906,Zhejiang
900,XCNAQ1905,Zhejiang
901,XCNAQ1899,Zhejiang
902,CN_1252A,Zhejiang
903,XCNAQ1897,Zhejiang
904,XCNAQ2879,Zhejiang
905,XCNAQ1898,Zhejiang
906,CN_1254A,Zhejiang
907,XCNAQ1902,Zhejiang
908,XCNAQ1904,Zhejiang
909,XCNAQ1901,Zhejiang
910,XCNAQ532,Gansu
911,XCNAQ1220,Gansu
912,XCNAQ533,Gansu
913,XCNAQ630,Jilin
914,XCNAQ631,Jilin
915,XCNAQ629,Jilin
916,XCNAQ1071,Ningxia
917,XCNAQ1070,Ningxia
918,XCNAQ1069,Ningxia
919,XCNAQ1091,Xinjiang
920,XCNAQ674,Neimenggu
921,XCNAQ673,Neimenggu
922,XCNAQ011,Hebei
923,XCNAQ056,Shanxi
924,XCNAQ1594,Shanxi
925,XCNAQ1193,Shanxi
926,XCNAQ1593,Shanxi
927,XCNAQ1587,Shanxi
928,XCNAQ1589,Shanxi
929,XCNAQ1592,Shanxi
930,XCNAQ059,Shanxi
931,XCNAQ057,Shanxi
932,XCNAQ1591,Shanxi
933,XCNAQ1590,Shanxi
934,XCNAQ060,Shanxi
935,XCNAQ058,Shanxi
936,XCNAQ1588,Shanxi
937,XCNAQ125,Heilongjiang
938,XCNAQ126,Heilongjiang
939,XCNAQ124,Heilongjiang
940,XCNAQ128,Heilongjiang
941,XCNAQ127,Heilongjiang
942,XCNAQ1001,Yunnan
943,XCNAQ1000,Yunnan
944,XCNAQ320,Yunnan
945,CN_1114A,Liaoning
946,CN_1113A,Liaoning
947,CN_1118A,Liaoning
948,CN_1110A,Liaoning
949,CN_1117A,Liaoning
950,CN_1115A,Liaoning
951,CN_1111A,Liaoning
952,CN_1109A,Liaoning
953,CN_1116A,Liaoning
954,CN_1112A,Liaoning
955,XCNAQ1035,Gansu
956,XCNAQ1037,Gansu
957,XCNAQ1036,Gansu
958,XCNAQ1241,Tianjin
959,CN_1018A,Tianjin
960,CN_1015A,Tianjin
961,XCNAQ1326,Tianjin
962,CN_1019A,Tianjin
963,CN_1016A,Tianjin
964,XCNAQ1110,Tianjin
965,CN_1027A,Tianjin
966,XCNAQ1323,Tianjin
967,XCNAQ1189,Tianjin
968,CN_1017A,Tianjin
969,CN_1020A,Tianjin
970,XCNAQ1188,Tianjin
971,CN_1013A,Tianjin
972,XCNAQ1325,Tianjin
973,CN_1014A,Tianjin
974,CN_1022A,Tianjin
975,CN_1024A,Tianjin
976,CN_1026A,Tianjin
977,XCNAQ1186,Tianjin
978,XCNAQ1187,Tianjin
979,XCNAQ1320,Tianjin
980,XCNAQ1319,Tianjin
981,XCNAQ1322,Tianjin
982,XCNAQ1324,Tianjin
983,CN_1025A,Tianjin
984,CN_1023A,Tianjin
985,XCNAQ1116,Tianjin
986,XCNAQ1263,Tianjin
987,CN_1021A,Tianjin
988,XCNAQ1321,Tianjin
989,XCNAQ022,Guangdong
990,XCNAQ498,Jiangsu
991,XCNAQ499,Jiangsu
992,XCNAQ1584,Shanxi
993,CN_1083A,Shanxi
994,CN_1088A,Shanxi
995,XCNAQ1581,Shanxi
996,CN_1087A,Shanxi
997,CN_1085A,Shanxi
998,CN_1081A,Shanxi
999,XCNAQ1287,Shanxi
1000,XCNAQ1580,Shanxi
1001,CN_1084A,Shanxi
1002,CN_1086A,Shanxi
1003,CN_1082A,Shanxi
1004,XCNAQ1582,Shanxi
1005,XCNAQ1585,Shanxi
1006,XCNAQ1586,Shanxi
1007,CN_1089A,Shanxi
1008,XCNAQ1583,Shanxi
1009,XCNAQ1579,Shanxi
1010,XCNAQ357,Shandong
1011,XCNAQ2875,Shandong
1012,XCNAQ366,Shandong
1013,XCNAQ354,Shandong
1014,XCNAQ355,Shandong
1015,XCNAQ2384,Shandong
1016,XCNAQ358,Shandong
1017,XCNAQ2383,Shandong
1018,XCNAQ356,Shandong
1019,XCNAQ877,Hunan
1020,XCNAQ879,Hunan
1021,XCNAQ878,Hunan
1022,XCNAQ875,Hunan
1023,XCNAQ832,Hubei
1024,XCNAQ2762,Hubei
1025,XCNAQ2763,Hubei
1026,XCNAQ2764,Hubei
1027,XCNAQ2765,Hubei
1028,XCNAQ2760,Hubei
1029,XCNAQ2759,Hubei
1030,XCNAQ2761,Hubei
1031,XCNAQ831,Hubei
1032,XCNAQ2758,Hubei
1033,XCNAQ2148,Fujian
1034,XCNAQ2151,Fujian
1035,XCNAQ741,Fujian
1036,XCNAQ2145,Fujian
1037,XCNAQ2147,Fujian
1038,XCNAQ2149,Fujian
1039,XCNAQ2150,Fujian
1040,XCNAQ740,Fujian
1041,XCNAQ2143,Fujian
1042,XCNAQ739,Fujian
1043,XCNAQ2144,Fujian
1044,XCNAQ2146,Fujian
1045,XCNAQ2152,Fujian
1046,XCNAQ1880,Zhejiang
1047,XCNAQ1206,Zhejiang
1048,CN_1235A,Zhejiang
1049,CN_1237A,Zhejiang
1050,CN_1234A,Zhejiang
1051,CN_1240A,Zhejiang
1052,XCNAQ1882,Zhejiang
1053,XCNAQ1877,Zhejiang
1054,XCNAQ1878,Zhejiang
1055,XCNAQ1874,Zhejiang
1056,CN_1238A,Zhejiang
1057,CN_1241A,Zhejiang
1058,XCNAQ1881,Zhejiang
1059,XCNAQ1876,Zhejiang
1060,XCNAQ1883,Zhejiang
1061,XCNAQ1875,Zhejiang
1062,CN_1239A,Zhejiang
1063,XCNAQ1879,Zhejiang
1064,CN_1236A,Zhejiang
1065,XCNAQ132,Zhejiang
1066,XCNAQ131,Zhejiang
1067,XCNAQ1984,Anhui
1068,XCNAQ699,Anhui
1069,XCNAQ1988,Anhui
1070,XCNAQ1989,Anhui
1071,XCNAQ1303,Anhui
1072,XCNAQ1987,Anhui
1073,XCNAQ1985,Anhui
1074,XCNAQ1986,Anhui
1075,XCNAQ1983,Anhui
1076,XCNAQ696,Anhui
1077,XCNAQ698,Anhui
1078,XCNAQ697,Anhui
1079,XCNAQ1029,Shaanxi
1080,XCNAQ1030,Shaanxi
1081,XCNAQ1028,Shaanxi
1082,XCNAQ1266,Henan
1083,XCNAQ2534,Henan
1084,XCNAQ2535,Henan
1085,XCNAQ2538,Henan
1086,XCNAQ2536,Shandong
1087,XCNAQ2539,Henan
1088,XCNAQ2537,Henan
1089,XCNAQ192,Henan
1090,XCNAQ2530,Henan
1091,XCNAQ2531,Henan
1092,XCNAQ2533,Henan
1093,XCNAQ2532,Henan
1094,XCNAQ459,Henan
1095,XCNAQ193,Henan
1096,XCNAQ195,Henan
1097,XCNAQ194,Henan
1098,XCNAQ1276,Guizhou
1099,XCNAQ1277,Guizhou
1100,XCNAQ1278,Guizhou
1101,XCNAQ970,Guizhou
1102,XCNAQ969,Guizhou
1103,XCNAQ1279,Guizhou
1104,XCNAQ971,Guizhou
1105,XCNAQ972,Guizhou
1106,XCNAQ1050,Gansu
1107,XCNAQ1049,Gansu
1108,XCNAQ486,Jiangsu
1109,XCNAQ487,Jiangsu
1110,XCNAQ278,Sichuan
1111,XCNAQ283,Sichuan
1112,XCNAQ280,Sichuan
1113,XCNAQ475,Sichuan
1114,XCNAQ279,Sichuan
1115,XCNAQ281,Sichuan
1116,XCNAQ2735,Hubei
1117,XCNAQ217,Hubei
1118,XCNAQ2737,Hubei
1119,XCNAQ216,Hubei
1120,XCNAQ465,Hubei
1121,XCNAQ2734,Hubei
1122,XCNAQ2733,Hubei
1123,XCNAQ2738,Hubei
1124,XCNAQ2739,Hubei
1125,XCNAQ2744,Hubei
1126,XCNAQ2743,Hubei
1127,XCNAQ2731,Hubei
1128,XCNAQ466,Hubei
1129,XCNAQ2732,Hubei
1130,XCNAQ467,Hubei
1131,XCNAQ2740,Hubei
1132,XCNAQ2742,Hubei
1133,XCNAQ2741,Hubei
1134,XCNAQ2736,Hubei
1135,XCNAQ2237,Jiangxi
1136,XCNAQ2238,Jiangxi
1137,XCNAQ2242,Jiangxi
1138,XCNAQ2243,Jiangxi
1139,XCNAQ2244,Jiangxi
1140,XCNAQ2236,Jiangxi
1141,XCNAQ2239,Jiangxi
1142,XCNAQ772,Jiangxi
1143,XCNAQ775,Jiangxi
1144,XCNAQ774,Jiangxi
1145,XCNAQ773,Jiangxi
1146,XCNAQ771,Jiangxi
1147,XCNAQ2245,Jiangxi
1148,XCNAQ2241,Jiangxi
1149,XCNAQ2240,Jiangxi
1150,XCNAQ2247,Jiangxi
1151,XCNAQ2246,Jiangxi
1152,XCNAQ2248,Jiangxi
1153,XCNAQ371,Shaanxi
1154,XCNAQ329,Shaanxi
1155,XCNAQ448,Shaanxi
1156,XCNAQ332,Shaanxi
1157,XCNAQ372,Shaanxi
1158,XCNAQ331,Shaanxi
1159,XCNAQ330,Shaanxi
1160,XCNAQ333,Shaanxi
1161,XCNAQ2028,Anhui
1162,XCNAQ2023,Anhui
1163,XCNAQ2027,Anhui
1164,XCNAQ721,Anhui
1165,XCNAQ720,Anhui
1166,XCNAQ2025,Anhui
1167,XCNAQ2024,Anhui
1168,XCNAQ2026,Anhui
1169,XCNAQ719,Anhui
1170,XCNAQ708,Anhui
1171,XCNAQ2010,Anhui
1172,XCNAQ709,Anhui
1173,XCNAQ2011,Anhui
1174,XCNAQ707,Anhui
1175,XCNAQ2008,Anhui
1176,XCNAQ2009,Anhui
1177,XCNAQ1304,Anhui
1178,XCNAQ1302,Jiangsu
1179,CN_1222A,Jiangsu
1180,CN_1221A,Jiangsu
1181,CN_1220A,Jiangsu
1182,XCNAQ1869,Jiangsu
1183,XCNAQ1866,Jiangsu
1184,XCNAQ1867,Jiangsu
1185,XCNAQ1233,Jiangsu
1186,CN_1219A,Jiangsu
1187,XCNAQ013,Beijing
1188,XCNAQ509,Zhejiang
1189,XCNAQ510,Zhejiang
1190,XCNAQ2899,Zhejiang
1191,XCNAQ2876,Shandong
1192,XCNAQ2877,Shandong
1193,XCNAQ1011,Xizang
1194,XCNAQ1010,Xizang
1195,XCNAQ236,Hunan
1196,XCNAQ2797,Hunan
1197,XCNAQ468,Hunan
1198,XCNAQ469,Hunan
1199,XCNAQ2798,Hunan
1200,XCNAQ241,Hunan
1201,XCNAQ238,Hunan
1202,XCNAQ470,Hunan
1203,XCNAQ910,Guangxi
1204,XCNAQ909,Guangxi
1205,XCNAQ1309,Sichuan
1206,XCNAQ945,Sichuan
1207,XCNAQ1310,Sichuan
1208,XCNAQ947,Sichuan
1209,XCNAQ948,Sichuan
1210,XCNAQ946,Sichuan
1211,XCNAQ1229,Sichuan
1212,XCNAQ1228,Sichuan
1213,XCNAQ1773,Neimenggu
1214,XCNAQ602,Neimenggu
1215,XCNAQ1772,Neimenggu
1216,XCNAQ600,Neimenggu
1217,XCNAQ601,Neimenggu
1218,XCNAQ222,Hunan
1219,XCNAQ347,Neimenggu
1220,XCNAQ223,Hunan
1221,XCNAQ282,Sichuan
1222,XCNAQ205,Henan
1223,XCNAQ319,Yunnan
1224,XCNAQ239,Hunan
1225,XCNAQ067,Shanxi
1226,XCNAQ185,Henan
1227,XCNAQ344,Ningxia
1228,CN_1197A,Jiangsu
1229,CN_1201A,Jiangsu
1230,CN_1196A,Jiangsu
1231,CN_1198A,Jiangsu
1232,CN_1200A,Jiangsu
1233,CN_1199A,Jiangsu
1234,XCNAQ1204,Jiangsu
1235,XCNAQ1203,Jiangsu
1236,XCNAQ1205,Jiangsu
1237,XCNAQ224,Hunan
1238,XCNAQ1267,Hunan
1239,XCNAQ1268,Hunan
1240,XCNAQ2799,Hunan
1241,XCNAQ1269,Hunan
1242,XCNAQ488,Jiangsu
1243,XCNAQ489,Jiangsu
1244,XCNAQ539,Jiangsu
1245,XCNAQ1043,Gansu
1246,XCNAQ1042,Gansu
1247,XCNAQ054,Hebei
1248,XCNAQ544,Shandong
1249,XCNAQ545,Shandong
1250,XCNAQ2517,Henan
1251,XCNAQ2518,Henan
1252,XCNAQ2516,Henan
1253,XCNAQ2515,Henan
1254,XCNAQ202,Henan
1255,XCNAQ201,Henan
1256,XCNAQ2525,Henan
1257,XCNAQ2526,Henan
1258,XCNAQ2529,Henan
1259,XCNAQ2528,Henan
1260,XCNAQ2527,Henan
1261,XCNAQ2523,Henan
1262,XCNAQ2524,Henan
1263,XCNAQ200,Henan
1264,XCNAQ2522,Henan
1265,XCNAQ2521,Henan
1266,XCNAQ203,Henan
1267,XCNAQ2519,Henan
1268,XCNAQ2520,Henan
1269,XCNAQ913,Sichuan
1270,XCNAQ914,Sichuan
1271,XCNAQ912,Sichuan
1272,XCNAQ911,Sichuan
1273,XCNAQ934,Sichuan
1274,XCNAQ1227,Sichuan
1275,XCNAQ933,Sichuan
1276,XCNAQ931,Sichuan
1277,XCNAQ932,Sichuan
1278,XCNAQ935,Sichuan
1279,CN_1353A,Guangdong
1280,XCNAQ2809,Guangdong
1281,XCNAQ1179,Guangdong
1282,XCNAQ2805,Guangdong
1283,XCNAQ2806,Guangdong
1284,CN_1347A,Guangdong
1285,XCNAQ2804,Guangdong
1286,CN_1346A,Guangdong
1287,CN_1349A,Guangdong
1288,CN_1352A,Guangdong
1289,CN_1355A,Guangdong
1290,CN_1348A,Guangdong
1291,CN_1345A,Guangdong
1292,XCNAQ2801,Guangdong
1293,CN_1350A,Guangdong
1294,XCNAQ2803,Guangdong
1295,XCNAQ2811,Guangdong
1296,XCNAQ2802,Guangdong
1297,CN_1351A,Guangdong
1298,XCNAQ2800,Guangdong
1299,XCNAQ2807,Guangdong
1300,XCNAQ2808,Guangdong
1301,CN_1354A,Guangdong
1302,XCNAQ2810,Guangdong
1303,XCNAQ1046,Gansu
1304,XCNAQ1048,Gansu
1305,XCNAQ1047,Gansu
1306,XCNAQ534,Xinjiang
1307,XCNAQ535,Xinjiang
1308,XCNAQ536,Xinjiang
1309,XCNAQ1508,Hebei
1310,XCNAQ1523,Beijing
1311,XCNAQ1519,Hebei
1312,CN_1070A,Hebei
1313,XCNAQ1513,Hebei
1314,XCNAQ1509,Hebei
1315,XCNAQ1516,Tianjin
1316,XCNAQ1515,Hebei
1317,XCNAQ1517,Hebei
1318,CN_1068A,Hebei
1319,XCNAQ1511,Hebei
1320,XCNAQ1520,Tianjin
1321,XCNAQ1512,Hebei
1322,XCNAQ1215,Hebei
1323,CN_1069A,Hebei
1324,CN_1067A,Hebei
1325,XCNAQ1522,Hebei
1326,XCNAQ1521,Hebei
1327,XCNAQ1514,Hebei
1328,XCNAQ1510,Hebei
1329,XCNAQ334,Shaanxi
1330,XCNAQ336,Shaanxi
1331,XCNAQ335,Shaanxi
1332,XCNAQ373,Shaanxi
1333,XCNAQ016,Beijing
1334,XCNAQ015,Beijing
1335,XCNAQ642,Jilin
1336,XCNAQ643,Jilin
1337,XCNAQ644,Jilin
1338,XCNAQ089,Liaoning
1339,XCNAQ198,Henan
1340,XCNAQ2496,Henan
1341,XCNAQ2495,Henan
1342,XCNAQ460,Henan
1343,XCNAQ2494,Henan
1344,XCNAQ2491,Henan
1345,XCNAQ2490,Henan
1346,XCNAQ461,Henan
1347,XCNAQ462,Henan
1348,XCNAQ2493,Henan
1349,XCNAQ2492,Henan
1350,XCNAQ199,Henan
1351,XCNAQ2489,Henan
1352,XCNAQ1505,Hebei
1353,CN_1060A,Hebei
1354,CN_1059A,Hebei
1355,XCNAQ1506,Hebei
1356,CN_1057A,Hebei
1357,XCNAQ1499,Hebei
1358,CN_1061A,Hebei
1359,XCNAQ1500,Neimenggu
1360,XCNAQ1507,Hebei
1361,CN_1058A,Hebei
1362,XCNAQ1271,Hebei
1363,XCNAQ1502,Hebei
1364,XCNAQ1504,Hebei
1365,XCNAQ1497,Hebei
1366,XCNAQ1501,Hebei
1367,XCNAQ1503,Hebei
1368,XCNAQ1498,Hebei
1369,XCNAQ541,Jiangsu
1370,XCNAQ540,Jiangsu
1371,XCNAQ471,Hunan
1372,XCNAQ472,Hunan
1373,XCNAQ244,Hunan
1374,XCNAQ242,Hunan
1375,XCNAQ1040,Gansu
1376,XCNAQ1041,Gansu
1377,CN_1182A,Jiangsu
1378,XCNAQ1834,Jiangsu
1379,XCNAQ1831,Jiangsu
1380,XCNAQ1833,Shandong
1381,XCNAQ2894,Jiangsu
1382,XCNAQ1832,Jiangsu
1383,CN_1180A,Jiangsu
1384,CN_1181A,Jiangsu
1385,CN_1178A,Jiangsu
1386,CN_1179A,Jiangsu
1387,XCNAQ1198,Jiangsu
1388,CN_1183A,Jiangsu
1389,CN_1177A,Jiangsu
1390,XCNAQ1197,Jiangsu
1391,XCNAQ1002,Yunnan
1392,XCNAQ1003,Yunnan
1393,XCNAQ2405,Shandong
1394,XCNAQ2404,Shandong
1395,XCNAQ2413,Shandong
1396,XCNAQ2412,Shandong
1397,XCNAQ1272,Shandong
1398,XCNAQ421,Shandong
1399,XCNAQ2398,Shandong
1400,XCNAQ2396,Shandong
1401,XCNAQ2418,Shandong
1402,XCNAQ2409,Shandong
1403,XCNAQ2400,Shandong
1404,XCNAQ2401,Shandong
1405,XCNAQ2403,Shandong
1406,XCNAQ2402,Shandong
1407,XCNAQ2408,Hebei
1408,XCNAQ2410,Shandong
1409,XCNAQ2411,Shandong
1410,XCNAQ2397,Shandong
1411,XCNAQ402,Shandong
1412,XCNAQ2416,Shandong
1413,XCNAQ2888,Shandong
1414,XCNAQ2415,Shandong
1415,XCNAQ2399,Shandong
1416,XCNAQ2417,Shandong
1417,XCNAQ403,Shandong
1418,XCNAQ2407,Shandong
1419,XCNAQ2406,Shandong
1420,XCNAQ298,Sichuan
1421,XCNAQ299,Sichuan
1422,XCNAQ297,Sichuan
1423,XCNAQ296,Sichuan
1424,XCNAQ2903,Shanxi
1425,XCNAQ1687,Shanxi
1426,XCNAQ590,Shanxi
1427,XCNAQ1700,Shanxi
1428,XCNAQ1701,Shanxi
1429,XCNAQ1691,Shanxi
1430,XCNAQ1694,Shanxi
1431,XCNAQ1682,Shanxi
1432,XCNAQ589,Shanxi
1433,XCNAQ1699,Shanxi
1434,XCNAQ1702,Shanxi
1435,XCNAQ1689,Shanxi
1436,XCNAQ1683,Shanxi
1437,XCNAQ588,Shanxi
1438,XCNAQ1688,Shanxi
1439,XCNAQ2904,Shanxi
1440,XCNAQ1698,Shanxi
1441,XCNAQ1686,Shanxi
1442,XCNAQ1681,Shanxi
1443,XCNAQ1690,Shanxi
1444,XCNAQ1685,Shanxi
1445,XCNAQ1697,Shanxi
1446,XCNAQ1695,Shanxi
1447,XCNAQ1696,Shanxi
1448,XCNAQ1692,Shanxi
1449,XCNAQ872,Hunan
1450,XCNAQ874,Hunan
1451,XCNAQ870,Hunan
1452,XCNAQ871,Hunan
1453,XCNAQ873,Hunan
1454,XCNAQ1004,Yunnan
1455,XCNAQ1005,Yunnan
1456,XCNAQ2789,Hubei
1457,XCNAQ2796,Hubei
1458,XCNAQ2795,Hubei
1459,XCNAQ2790,Hubei
1460,XCNAQ2793,Hubei
1461,XCNAQ843,Hubei
1462,XCNAQ2791,Hubei
1463,XCNAQ2794,Hubei
1464,XCNAQ842,Hubei
1465,XCNAQ2792,Hubei
1466,XCNAQ348,Neimenggu
1467,CN_1393A,Guangdong
1468,XCNAQ2836,Guangdong
1469,CN_1396A,Guangdong
1470,XCNAQ2838,Guangdong
1471,XCNAQ2835,Guangdong
1472,CN_1395A,Guangdong
1473,CN_1394A,Guangdong
1474,CN_1392A,Guangdong
1475,XCNAQ2837,Guangdong
1476,CN_1433A,Sichuan
1477,CN_1437A,Sichuan
1478,CN_1432A,Sichuan
1479,XCNAQ1166,Sichuan
1480,XCNAQ1211,Sichuan
1481,CN_1435A,Sichuan
1482,CN_1434A,Sichuan
1483,CN_1438A,Sichuan
1484,CN_1436A,Sichuan
1485,CN_1431A,Sichuan
1486,XCNAQ1270,Sichuan
1487,XCNAQ1234,Jiangsu
1488,CN_1184A,Jiangsu
1489,CN_1185A,Jiangsu
1490,XCNAQ1290,Jiangsu
1491,XCNAQ1856,Jiangsu
1492,XCNAQ1859,Jiangsu
1493,XCNAQ1857,Jiangsu
1494,XCNAQ1858,Jiangsu
1495,CN_1187A,Jiangsu
1496,CN_1186A,Jiangsu
1497,CN_1063A,Hebei
1498,XCNAQ1444,Hebei
1499,XCNAQ1442,Hebei
1500,XCNAQ1453,Hebei
1501,XCNAQ1452,Hebei
1502,XCNAQ1449,Hebei
1503,XCNAQ1456,Hebei
1504,XCNAQ1458,Hebei
1505,XCNAQ1450,Hebei
1506,XCNAQ1447,Hebei
1507,CN_1064A,Hebei
1508,XCNAQ1451,Hebei
1509,XCNAQ1443,Hebei
1510,CN_1065A,Hebei
1511,XCNAQ1454,Hebei
1512,XCNAQ1445,Hebei
1513,XCNAQ1457,Hebei
1514,CN_1066A,Hebei
1515,CN_1062A,Hebei
1516,XCNAQ1446,Hebei
1517,XCNAQ1455,Hebei
1518,XCNAQ2258,Jiangxi
1519,XCNAQ2249,Jiangxi
1520,XCNAQ2254,Jiangxi
1521,XCNAQ780,Jiangxi
1522,XCNAQ2252,Jiangxi
1523,XCNAQ2250,Jiangxi
1524,XCNAQ2255,Jiangxi
1525,XCNAQ2253,Jiangxi
1526,XCNAQ777,Jiangxi
1527,XCNAQ2259,Jiangxi
1528,XCNAQ776,Jiangxi
1529,XCNAQ778,Jiangxi
1530,XCNAQ2257,Jiangxi
1531,XCNAQ779,Jiangxi
1532,XCNAQ2256,Jiangxi
1533,XCNAQ2251,Jiangxi
1534,XCNAQ102,Liaoning
1535,XCNAQ1174,Liaoning
1536,XCNAQ101,Liaoning
1537,XCNAQ103,Liaoning
1538,XCNAQ454,Liaoning
1539,XCNAQ1172,Liaoning
1540,CN_1456A,Xizang
1541,CN_1458A,Xizang
1542,CN_1460A,Xizang
1543,CN_1457A,Xizang
1544,CN_1461A,Xizang
1545,CN_1459A,Xizang
1546,XCNAQ515,Shandong
1547,XCNAQ516,Shandong
1548,XCNAQ428,Guangdong
1549,XCNAQ426,Guangdong
1550,XCNAQ543,Guangdong
1551,XCNAQ429,Guangdong
1552,XCNAQ1148,Guangdong
1553,XCNAQ427,Guangdong
1554,XCNAQ1149,Guangdong
1555,XCNAQ308,Sichuan
1556,XCNAQ1109,Sichuan
1557,XCNAQ306,Sichuan
1558,XCNAQ304,Sichuan
1559,XCNAQ305,Sichuan
1560,XCNAQ996,Yunnan
1561,XCNAQ997,Yunnan
1562,XCNAQ517,Shandong
1563,XCNAQ518,Shandong
1564,XCNAQ2545,Henan
1565,XCNAQ2546,Henan
1566,XCNAQ2556,Henan
1567,XCNAQ2557,Henan
1568,XCNAQ2560,Henan
1569,XCNAQ2550,Henan
1570,XCNAQ2553,Henan
1571,XCNAQ2562,Henan
1572,XCNAQ1257,Henan
1573,XCNAQ2551,Henan
1574,XCNAQ2552,Henan
1575,XCNAQ790,Henan
1576,XCNAQ2886,Henan
1577,XCNAQ2547,Henan
1578,XCNAQ2559,Henan
1579,XCNAQ791,Henan
1580,XCNAQ789,Henan
1581,XCNAQ788,Henan
1582,XCNAQ2548,Henan
1583,XCNAQ2549,Henan
1584,XCNAQ2561,Henan
1585,XCNAQ2558,Henan
1586,XCNAQ2555,Henan
1587,XCNAQ2554,Henan
1588,XCNAQ2184,Jiangxi
1589,XCNAQ752,Jiangxi
1590,XCNAQ755,Jiangxi
1591,XCNAQ756,Jiangxi
1592,XCNAQ754,Jiangxi
1593,XCNAQ753,Jiangxi
1594,XCNAQ104,Liaoning
1595,CN_1192A,Jiangsu
1596,CN_1195A,Jiangsu
1597,CN_1193A,Jiangsu
1598,CN_1190A,Jiangsu
1599,CN_1191A,Jiangsu
1600,CN_1194A,Jiangsu
1601,CN_1188A,Jiangsu
1602,CN_1189A,Jiangsu
1603,XCNAQ1012,Xizang
1604,XCNAQ1013,Xizang
1605,XCNAQ2388,Shandong
1606,XCNAQ184,Shandong
1607,XCNAQ2386,Shandong
1608,XCNAQ183,Shandong
1609,XCNAQ182,Shandong
1610,XCNAQ2385,Shandong
1611,XCNAQ2387,Shandong
1612,XCNAQ490,Jiangsu
1613,XCNAQ491,Jiangsu
1614,CN_1453A,Yunnan
1615,CN_1449A,Yunnan
1616,CN_1450A,Yunnan
1617,XCNAQ1297,Yunnan
1618,CN_1455A,Yunnan
1619,CN_1451A,Yunnan
1620,CN_1454A,Yunnan
1621,CN_1452A,Yunnan
1622,XCNAQ1076,Xinjiang
1623,XCNAQ1077,Xinjiang
1624,XCNAQ1078,Xinjiang
1625,XCNAQ1009,Xizang
1626,XCNAQ1008,Xizang
1627,XCNAQ985,Yunnan
1628,XCNAQ984,Yunnan
1629,XCNAQ1662,Shanxi
1630,XCNAQ1648,Shanxi
1631,XCNAQ581,Shanxi
1632,XCNAQ1647,Shanxi
1633,XCNAQ1644,Shanxi
1634,XCNAQ1657,Shanxi
1635,XCNAQ1651,Shanxi
1636,XCNAQ1659,Shanxi
1637,XCNAQ1656,Shanxi
1638,XCNAQ1649,Shanxi
1639,XCNAQ1646,Shanxi
1640,XCNAQ1658,Shanxi
1641,XCNAQ1221,Shanxi
1642,XCNAQ582,Shanxi
1643,XCNAQ580,Shanxi
1644,XCNAQ1645,Shanxi
1645,XCNAQ1653,Shanxi
1646,XCNAQ1655,Shanxi
1647,XCNAQ1661,Shanxi
1648,XCNAQ1650,Shanxi
1649,XCNAQ1660,Shanxi
1650,XCNAQ1654,Shanxi
1651,XCNAQ579,Shanxi
1652,XCNAQ1652,Shanxi
1653,XCNAQ1626,Shanxi
1654,XCNAQ1633,Shanxi
1655,XCNAQ1631,Shanxi
1656,XCNAQ1624,Shanxi
1657,XCNAQ1632,Shanxi
1658,XCNAQ570,Shanxi
1659,XCNAQ571,Shanxi
1660,XCNAQ1628,Shanxi
1661,XCNAQ572,Shanxi
1662,XCNAQ569,Shanxi
1663,XCNAQ573,Shanxi
1664,XCNAQ1630,Shanxi
1665,XCNAQ568,Shanxi
1666,XCNAQ1623,Shanxi
1667,XCNAQ1098,Yunnan
1668,XCNAQ1099,Yunnan
1669,XCNAQ2164,Jiangxi
1670,XCNAQ2165,Jiangxi
1671,XCNAQ744,Jiangxi
1672,XCNAQ745,Jiangxi
1673,XCNAQ2163,Jiangxi
1674,XCNAQ742,Jiangxi
1675,XCNAQ743,Jiangxi
1676,XCNAQ746,Jiangxi
1677,XCNAQ476,Yunnan
1678,XCNAQ322,Yunnan
1679,XCNAQ1634,Shanxi
1680,XCNAQ1638,Shanxi
1681,XCNAQ576,Shanxi
1682,XCNAQ1641,Shanxi
1683,XCNAQ1639,Shanxi
1684,XCNAQ578,Shanxi
1685,XCNAQ577,Shanxi
1686,XCNAQ574,Shanxi
1687,XCNAQ1640,Shanxi
1688,XCNAQ1635,Shanxi
1689,XCNAQ1637,Shanxi
1690,XCNAQ575,Shanxi
1691,XCNAQ1642,Shanxi
1692,XCNAQ1643,Shanxi
1693,XCNAQ1636,Shanxi
1694,XCNAQ105,Liaoning
1695,XCNAQ1108,Liaoning
1696,XCNAQ1162,Liaoning
1697,XCNAQ628,Liaoning
1698,XCNAQ626,Liaoning
1699,XCNAQ1161,Liaoning
1700,XCNAQ1160,Liaoning
1701,XCNAQ627,Liaoning
1702,XCNAQ099,Liaoning
1703,XCNAQ098,Liaoning
1704,XCNAQ453,Liaoning
1705,XCNAQ097,Liaoning
1706,XCNAQ1175,Liaoning
1707,XCNAQ096,Liaoning
1708,XCNAQ908,Guangxi
1709,XCNAQ907,Guangxi
1710,CN_1226A,Zhejiang
1711,CN_1231A,Zhejiang
1712,CN_1233A,Zhejiang
1713,CN_1225A,Zhejiang
1714,CN_1227A,Zhejiang
1715,CN_1230A,Zhejiang
1716,CN_1232A,Zhejiang
1717,CN_1229A,Zhejiang
1718,XCNAQ1871,Zhejiang
1719,XCNAQ1870,Zhejiang
1720,CN_1228A,Zhejiang
1721,CN_1223A,Zhejiang
1722,XCNAQ1872,Zhejiang
1723,XCNAQ1873,Zhejiang
1724,CN_1224A,Zhejiang
1725,XCNAQ639,Jilin
1726,XCNAQ638,Jilin
1727,XCNAQ1019,Xizang
1728,XCNAQ1018,Xizang
1729,XCNAQ1060,Qinghai
1730,XCNAQ2317,Shandong
1731,XCNAQ172,Shandong
1732,XCNAQ169,Shandong
1733,XCNAQ170,Shandong
1734,XCNAQ168,Shandong
1735,XCNAQ2314,Shandong
1736,XCNAQ2319,Shandong
1737,XCNAQ2316,Shandong
1738,XCNAQ2318,Shandong
1739,XCNAQ171,Shandong
1740,XCNAQ2315,Shandong
1741,XCNAQ367,Guangxi
1742,XCNAQ273,Guangxi
1743,XCNAQ272,Guangxi
1744,XCNAQ368,Guangxi
1745,XCNAQ270,Guangxi
1746,XCNAQ271,Guangxi
1747,XCNAQ196,Hebei
1748,XCNAQ447,Hunan
1749,XCNAQ231,Hunan
1750,XCNAQ232,Hunan
1751,XCNAQ234,Hunan
1752,XCNAQ233,Hunan
1753,XCNAQ235,Hunan
1754,XCNAQ230,Hunan
1755,XCNAQ269,Guangxi
1756,XCNAQ537,Guangxi
1757,XCNAQ267,Guangxi
1758,XCNAQ266,Guangxi
1759,XCNAQ434,Guangdong
1760,XCNAQ435,Guangdong
1761,XCNAQ436,Guangdong
1762,XCNAQ884,Guangxi
1763,XCNAQ883,Guangxi
1764,XCNAQ885,Guangxi
1765,XCNAQ886,Guangxi
1766,XCNAQ991,Yunnan
1767,XCNAQ992,Yunnan
1768,XCNAQ1025,Shaanxi
1769,XCNAQ1026,Shaanxi
1770,XCNAQ1027,Shaanxi
1771,XCNAQ1024,Shaanxi
1772,XCNAQ292,Sichuan
1773,XCNAQ1038,Gansu
1774,XCNAQ1039,Gansu
1775,CN_1325A,Hubei
1776,CN_1332A,Hubei
1777,XCNAQ2708,Hubei
1778,XCNAQ2698,Hubei
1779,XCNAQ2699,Hubei
1780,XCNAQ2717,Hubei
1781,CN_1333A,Hubei
1782,XCNAQ2702,Hubei
1783,XCNAQ2703,Hubei
1784,XCNAQ2716,Hubei
1785,CN_1328A,Hubei
1786,XCNAQ1294,Hubei
1787,XCNAQ2707,Hubei
1788,CN_1331A,Hubei
1789,XCNAQ219,Hubei
1790,CN_1327A,Hubei
1791,CN_1326A,Hubei
1792,XCNAQ2715,Hubei
1793,XCNAQ2710,Hubei
1794,XCNAQ2711,Hubei
1795,CN_1334A,Hubei
1796,CN_1330A,Hubei
1797,XCNAQ2713,Hubei
1798,XCNAQ2700,Hubei
1799,XCNAQ2701,Hubei
1800,XCNAQ2712,Hubei
1801,XCNAQ2705,Hubei
1802,XCNAQ2706,Hubei
1803,XCNAQ2704,Hubei
1804,XCNAQ2709,Hubei
1805,CN_1329A,Hubei
1806,XCNAQ2714,Hubei
1807,XCNAQ975,Guizhou
1808,XCNAQ976,Guizhou
1809,XCNAQ212,Hubei
1810,XCNAQ149,Jiangxi
1811,XCNAQ042,Beijing
1812,XCNAQ869,Hunan
1813,XCNAQ866,Hunan
1814,XCNAQ868,Hunan
1815,XCNAQ867,Hunan
1816,XCNAQ865,Hunan
1817,XCNAQ1023,Shaanxi
1818,XCNAQ1021,Shaanxi
1819,XCNAQ1020,Shaanxi
1820,XCNAQ1022,Shaanxi
1821,XCNAQ556,Fujian
1822,XCNAQ247,Guangdong
1823,XCNAQ249,Guangdong
1824,XCNAQ248,Guangdong
1825,XCNAQ245,Guangdong
1826,XCNAQ246,Guangdong
1827,XCNAQ250,Guangdong
1828,XCNAQ438,Guangdong
1829,XCNAQ437,Guangdong
1830,XCNAQ439,Guangdong
1831,CN_1386A,Guangdong
1832,CN_1383A,Guangdong
1833,XCNAQ2827,Guangdong
1834,XCNAQ2828,Guangdong
1835,CN_1385A,Guangdong
1836,XCNAQ2829,Guangdong
1837,XCNAQ2824,Guangdong
1838,XCNAQ2825,Guangdong
1839,XCNAQ2826,Guangdong
1840,CN_1384A,Guangdong
1841,XCNAQ500,Jiangsu
1842,XCNAQ501,Jiangsu
1843,XCNAQ502,Jiangsu
1844,XCNAQ2021,Anhui
1845,XCNAQ718,Anhui
1846,XCNAQ717,Anhui
1847,XCNAQ716,Anhui
1848,XCNAQ2020,Anhui
1849,XCNAQ1226,Anhui
1850,XCNAQ2022,Anhui
1851,CN_1102A,Liaoning
1852,CN_1107A,Liaoning
1853,XCNAQ1125,Liaoning
1854,XCNAQ1124,Liaoning
1855,CN_1106A,Liaoning
1856,CN_1105A,Liaoning
1857,CN_1101A,Liaoning
1858,CN_1104A,Liaoning
1859,CN_1100A,Liaoning
1860,XCNAQ1126,Liaoning
1861,XCNAQ1194,Liaoning
1862,XCNAQ1120,Liaoning
1863,CN_1099A,Liaoning
1864,XCNAQ1195,Liaoning
1865,CN_1098A,Liaoning
1866,CN_1108A,Liaoning
1867,CN_1103A,Liaoning
1868,XCNAQ1566,Hebei
1869,XCNAQ1557,Hebei
1870,XCNAQ1551,Hebei
1871,XCNAQ1572,Hebei
1872,XCNAQ1561,Hebei
1873,XCNAQ1569,Hebei
1874,XCNAQ1554,Hebei
1875,XCNAQ1560,Hebei
1876,CN_1073A,Hebei
1877,CN_1071A,Hebei
1878,XCNAQ1564,Hebei
1879,XCNAQ1563,Hebei
1880,XCNAQ1562,Hebei
1881,XCNAQ1576,Hebei
1882,XCNAQ1553,Hebei
1883,XCNAQ1577,Hebei
1884,XCNAQ1578,Hebei
1885,XCNAQ1549,Hebei
1886,XCNAQ1571,Hebei
1887,XCNAQ1558,Hebei
1888,XCNAQ1567,Hebei
1889,XCNAQ1570,Hebei
1890,XCNAQ1556,Hebei
1891,CN_1072A,Hebei
1892,XCNAQ1559,Hebei
1893,XCNAQ1568,Hebei
1894,XCNAQ1555,Hebei
1895,XCNAQ1552,Hebei
1896,XCNAQ1565,Hebei
1897,XCNAQ1575,Hebei
1898,XCNAQ1550,Hebei
1899,XCNAQ904,Guangxi
1900,XCNAQ905,Guangxi
1901,XCNAQ906,Guangxi
1902,XCNAQ1145,Guangdong
1903,XCNAQ415,Guangdong
1904,XCNAQ416,Guangdong
1905,XCNAQ417,Guangdong
1906,XCNAQ1144,Guangdong
1907,XCNAQ1146,Guangdong
1908,XCNAQ145,Fujian
1909,XCNAQ2077,Fujian
1910,XCNAQ2078,Fujian
1911,XCNAQ2093,Fujian
1912,XCNAQ2096,Fujian
1913,XCNAQ2098,Fujian
1914,XCNAQ2099,Fujian
1915,XCNAQ2082,Fujian
1916,XCNAQ2083,Fujian
1917,XCNAQ2084,Fujian
1918,XCNAQ2091,Fujian
1919,XCNAQ2090,Fujian
1920,XCNAQ2081,Fujian
1921,XCNAQ2080,Fujian
1922,XCNAQ2094,Fujian
1923,XCNAQ2095,Fujian
1924,XCNAQ2097,Fujian
1925,XCNAQ2087,Fujian
1926,XCNAQ2086,Fujian
1927,XCNAQ2079,Fujian
1928,XCNAQ144,Fujian
1929,XCNAQ143,Fujian
1930,XCNAQ142,Fujian
1931,XCNAQ2085,Fujian
1932,XCNAQ2088,Fujian
1933,XCNAQ2092,Fujian
1934,XCNAQ2089,Fujian
1935,XCNAQ2378,Shandong
1936,XCNAQ2375,Shandong
1937,XCNAQ154,Shandong
1938,XCNAQ2374,Shandong
1939,XCNAQ2373,Shandong
1940,XCNAQ2376,Shandong
1941,XCNAQ2377,Shandong
1942,XCNAQ2380,Shandong
1943,XCNAQ156,Shandong
1944,XCNAQ155,Shandong
1945,XCNAQ2381,Shandong
1946,XCNAQ2382,Shandong
1947,CN_1206A,Jiangsu
1948,XCNAQ1865,Jiangsu
1949,XCNAQ1864,Jiangsu
1950,XCNAQ1863,Jiangsu
1951,XCNAQ1862,Jiangsu
1952,XCNAQ1216,Jiangsu
1953,CN_1209A,Jiangsu
1954,CN_1207A,Jiangsu
1955,CN_1208A,Jiangsu
1956,XCNAQ312,Sichuan
1957,XCNAQ309,Sichuan
1958,XCNAQ310,Sichuan
1959,XCNAQ311,Sichuan
1960,XCNAQ190,Henan
1961,XCNAQ2511,Henan
1962,XCNAQ2510,Henan
1963,XCNAQ2513,Henan
1964,XCNAQ2512,Henan
1965,XCNAQ1243,Henan
1966,XCNAQ2498,Henan
1967,XCNAQ2497,Henan
1968,XCNAQ2506,Henan
1969,XCNAQ2507,Henan
1970,XCNAQ2502,Henan
1971,XCNAQ2503,Henan
1972,XCNAQ188,Henan
1973,XCNAQ187,Henan
1974,XCNAQ186,Henan
1975,XCNAQ2499,Henan
1976,XCNAQ2514,Henan
1977,XCNAQ2500,Henan
1978,XCNAQ2501,Henan
1979,XCNAQ2504,Henan
1980,XCNAQ2505,Henan
1981,XCNAQ189,Henan
1982,XCNAQ2509,Henan
1983,XCNAQ2508,Henan
1984,XCNAQ191,Henan
1985,CN_1300A,Shandong
1986,XCNAQ2285,Shandong
1987,XCNAQ2284,Shandong
1988,XCNAQ2279,Shandong
1989,XCNAQ2273,Shandong
1990,XCNAQ2274,Shandong
1991,CN_1305A,Shandong
1992,XCNAQ2282,Shandong
1993,XCNAQ2281,Shandong
1994,CN_1301A,Shandong
1995,CN_1304A,Shandong
1996,XCNAQ2276,Shandong
1997,CN_1302A,Shandong
1998,XCNAQ2283,Shandong
1999,XCNAQ2890,Shandong
2000,XCNAQ2275,Shandong
2001,CN_1303A,Shandong
2002,CN_1299A,Shandong
2003,XCNAQ542,Shandong
2004,XCNAQ519,Shandong
2005,XCNAQ2278,Shandong
2006,CN_1306A,Shandong
2007,XCNAQ2280,Shandong
2008,XCNAQ2272,Shandong
2009,XCNAQ2351,Shandong
2010,XCNAQ2367,Shandong
2011,XCNAQ2366,Shandong
2012,XCNAQ2368,Shandong
2013,XCNAQ2352,Shandong
2014,XCNAQ2372,Shandong
2015,XCNAQ2359,Shandong
2016,XCNAQ2360,Shandong
2017,XCNAQ2889,Shandong
2018,XCNAQ2354,Shandong
2019,XCNAQ2353,Shandong
2020,XCNAQ2365,Shandong
2021,XCNAQ2350,Shandong
2022,XCNAQ2361,Shandong
2023,XCNAQ2362,Shandong
2024,XCNAQ2364,Shandong
2025,XCNAQ2363,Shandong
2026,XCNAQ179,Shandong
2027,XCNAQ181,Shandong
2028,XCNAQ180,Shandong
2029,XCNAQ2369,Shandong
2030,XCNAQ2370,Shandong
2031,XCNAQ2358,Shandong
2032,XCNAQ2357,Shandong
2033,XCNAQ2356,Shandong
2034,XCNAQ1056,Qinghai
2035,XCNAQ1282,Qinghai
2036,XCNAQ1057,Qinghai
2037,XCNAQ1059,Qinghai
2038,XCNAQ2855,Hainan
2039,CN_1409A,Hainan
2040,XCNAQ2856,Hainan
2041,XCNAQ2857,Hainan
2042,XCNAQ2863,Hainan
2043,XCNAQ2866,Hainan
2044,XCNAQ2847,Hainan
2045,XCNAQ2846,Hainan
2046,XCNAQ2870,Hainan
2047,XCNAQ2851,Hainan
2048,XCNAQ2852,Hainan
2049,XCNAQ2859,Hainan
2050,XCNAQ2858,Hainan
2051,XCNAQ2860,Hainan
2052,XCNAQ2853,Hainan
2053,XCNAQ2854,Hainan
2054,XCNAQ2865,Hainan
2055,CN_1410A,Hainan
2056,CN_1412A,Hainan
2057,XCNAQ2862,Hainan
2058,XCNAQ2861,Hainan
2059,XCNAQ2869,Hainan
2060,XCNAQ2849,Hainan
2061,XCNAQ2850,Hainan
2062,XCNAQ2848,Hainan
2063,XCNAQ2864,Hainan
2064,CN_1411A,Hainan
2065,XCNAQ2868,Hainan
2066,XCNAQ2867,Hainan
2067,CN_1413A,Hainan
2068,XCNAQ002,Beijing
2069,XCNAQ1062,Qinghai
2070,XCNAQ492,Jiangsu
2071,XCNAQ2874,Jiangsu
2072,XCNAQ493,Jiangsu
2073,XCNAQ162,Shandong
2074,XCNAQ157,Shandong
2075,XCNAQ159,Shandong
2076,XCNAQ2305,Shandong
2077,XCNAQ2308,Shandong
2078,XCNAQ2303,Shandong
2079,XCNAQ2313,Shandong
2080,XCNAQ2312,Shandong
2081,XCNAQ160,Shandong
2082,XCNAQ2302,Shandong
2083,XCNAQ161,Shandong
2084,XCNAQ2310,Shandong
2085,XCNAQ2307,Shandong
2086,XCNAQ2311,Shandong
2087,XCNAQ158,Shandong
2088,XCNAQ2309,Shandong
2089,XCNAQ2304,Shandong
2090,XCNAQ2306,Shandong
2091,XCNAQ1980,Anhui
2092,XCNAQ1979,Anhui
2093,XCNAQ688,Anhui
2094,XCNAQ687,Anhui
2095,XCNAQ689,Anhui
2096,XCNAQ685,Anhui
2097,XCNAQ1973,Anhui
2098,XCNAQ681,Anhui
2099,XCNAQ1974,Anhui
2100,XCNAQ683,Anhui
2101,XCNAQ682,Anhui
2102,XCNAQ686,Anhui
2103,XCNAQ1224,Anhui
2104,XCNAQ684,Anhui
2105,CN_1211A,Jiangsu
2106,CN_1212A,Jiangsu
2107,CN_1213A,Jiangsu
2108,XCNAQ1846,Jiangsu
2109,XCNAQ1848,Jiangsu
2110,XCNAQ1845,Jiangsu
2111,XCNAQ1844,Jiangsu
2112,CN_1214A,Jiangsu
2113,CN_1210A,Jiangsu
2114,CN_1358A,Guangdong
2115,CN_1359A,Guangdong
2116,XCNAQ1296,Guangdong
2117,XCNAQ259,Hongkong
2118,CN_1363A,Guangdong
2119,XCNAQ555,Guangdong
2120,XCNAQ549,Guangdong
2121,CN_1365A,Guangdong
2122,XCNAQ553,Guangdong
2123,XCNAQ548,Guangdong
2124,XCNAQ2814,Guangdong
2125,CN_1357A,Guangdong
2126,XCNAQ2813,Guangdong
2127,XCNAQ2812,Guangdong
2128,CN_1360A,Guangdong
2129,CN_1356A,Guangdong
2130,CN_1364A,Guangdong
2131,CN_1362A,Guangdong
2132,CN_1366A,Guangdong
2133,XCNAQ1295,Guangdong
2134,CN_1361A,Guangdong
2135,XCNAQ418,Guangdong
2136,XCNAQ419,Guangdong
2137,XCNAQ1239,Guangdong
2138,XCNAQ420,Guangdong
2139,XCNAQ1147,Guangdong
2140,XCNAQ1885,Zhejiang
2141,XCNAQ1894,Zhejiang
2142,XCNAQ1884,Zhejiang
2143,CN_1243A,Zhejiang
2144,XCNAQ1890,Zhejiang
2145,XCNAQ1892,Zhejiang
2146,CN_1245A,Zhejiang
2147,XCNAQ1896,Zhejiang
2148,XCNAQ1887,Zhejiang
2149,XCNAQ1895,Zhejiang
2150,XCNAQ1888,Zhejiang
2151,XCNAQ1886,Zhejiang
2152,CN_1242A,Zhejiang
2153,XCNAQ1891,Zhejiang
2154,XCNAQ1893,Zhejiang
2155,XCNAQ1889,Zhejiang
2156,CN_1244A,Zhejiang
2157,XCNAQ338,Shaanxi
2158,XCNAQ337,Shaanxi
2159,XCNAQ339,Shaanxi
2160,XCNAQ2880,Shaanxi
2161,XCNAQ374,Shaanxi
2162,XCNAQ1909,Zhejiang
2163,XCNAQ1208,Zhejiang
2164,CN_1251A,Zhejiang
2165,XCNAQ1209,Zhejiang
2166,CN_1249A,Zhejiang
2167,CN_1250A,Zhejiang
2168,XCNAQ1911,Zhejiang
2169,XCNAQ1908,Zhejiang
2170,XCNAQ1907,Zhejiang
2171,XCNAQ1910,Zhejiang
2172,XCNAQ228,Hunan
2173,XCNAQ226,Hunan
2174,XCNAQ361,Hunan
2175,XCNAQ227,Hunan
2176,XCNAQ225,Hunan
2177,XCNAQ229,Hunan
2178,XCNAQ362,Hunan
2179,XCNAQ882,Hunan
2180,XCNAQ881,Hunan
2181,XCNAQ880,Hunan
2182,XCNAQ252,Guangdong
2183,XCNAQ257,Guangdong
2184,XCNAQ251,Guangdong
2185,XCNAQ253,Guangdong
2186,XCNAQ256,Guangdong
2187,XCNAQ254,Guangdong
2188,XCNAQ494,Jiangsu
2189,XCNAQ495,Jiangsu
2190,XCNAQ702,Anhui
2191,XCNAQ1996,Anhui
2192,XCNAQ1999,Anhui
2193,XCNAQ1995,Anhui
2194,XCNAQ1998,Anhui
2195,XCNAQ1997,Anhui
2196,XCNAQ1994,Anhui
2197,XCNAQ703,Anhui
2198,XCNAQ701,Anhui
2199,XCNAQ404,Shandong
2200,XCNAQ2895,Shandong
2201,XCNAQ2451,Shandong
2202,XCNAQ405,Shandong
2203,XCNAQ2444,Shandong
2204,XCNAQ2443,Shandong
2205,XCNAQ2448,Shandong
2206,XCNAQ2447,Shandong
2207,XCNAQ2454,Shandong
2208,XCNAQ2450,Shandong
2209,XCNAQ2449,Shandong
2210,XCNAQ2442,Shandong
2211,XCNAQ2440,Shandong
2212,XCNAQ406,Shandong
2213,XCNAQ2452,Shandong
2214,XCNAQ2453,Shandong
2215,XCNAQ2441,Shandong
2216,XCNAQ2445,Shandong
2217,XCNAQ2446,Shandong
2218,XCNAQ799,Henan
2219,XCNAQ2602,Shanxi
2220,XCNAQ2601,Henan
2221,XCNAQ802,Henan
2222,XCNAQ801,Henan
2223,XCNAQ800,Henan
2224,XCNAQ2600,Henan
2225,XCNAQ2599,Henan
2226,XCNAQ2110,Fujian
2227,XCNAQ567,Fujian
2228,XCNAQ2113,Fujian
2229,XCNAQ2111,Fujian
2230,XCNAQ2101,Fujian
2231,XCNAQ2112,Fujian
2232,XCNAQ2104,Fujian
2233,XCNAQ566,Fujian
2234,XCNAQ2107,Fujian
2235,XCNAQ2100,Fujian
2236,XCNAQ2106,Fujian
2237,XCNAQ2103,Fujian
2238,XCNAQ565,Fujian
2239,XCNAQ2102,Fujian
2240,XCNAQ2108,Fujian
2241,XCNAQ2109,Fujian
2242,XCNAQ2105,Fujian
2243,XCNAQ2337,Shandong
2244,XCNAQ165,Shandong
2245,XCNAQ2333,Shandong
2246,XCNAQ1191,Shandong
2247,XCNAQ2343,Shandong
2248,XCNAQ164,Shandong
2249,XCNAQ528,Shandong
2250,XCNAQ529,Shandong
2251,XCNAQ2347,Shandong
2252,XCNAQ1190,Shandong
2253,XCNAQ2339,Shandong
2254,XCNAQ2338,Shandong
2255,XCNAQ2348,Shandong
2256,XCNAQ2346,Shandong
2257,XCNAQ050,Shanghai
2258,XCNAQ1292,Shandong
2259,XCNAQ2349,Shandong
2260,XCNAQ166,Shandong
2261,XCNAQ2335,Shandong
2262,XCNAQ2342,Shandong
2263,XCNAQ2334,Shandong
2264,XCNAQ2336,Shandong
2265,XCNAQ2340,Shandong
2266,XCNAQ2341,Shandong
2267,XCNAQ2345,Shandong
2268,XCNAQ2344,Shandong
2269,XCNAQ425,Guangdong
2270,XCNAQ1246,Guangdong
2271,XCNAQ424,Guangdong
2272,XCNAQ423,Guangdong
2273,XCNAQ063,Shanxi
2274,XCNAQ2581,Henan
2275,XCNAQ2582,Henan
2276,XCNAQ2585,Henan
2277,XCNAQ2586,Henan
2278,XCNAQ2587,Henan
2279,XCNAQ795,Henan
2280,XCNAQ794,Henan
2281,XCNAQ2580,Henan
2282,XCNAQ2579,Henan
2283,XCNAQ1242,Henan
2284,XCNAQ2588,Henan
2285,XCNAQ2589,Henan
2286,XCNAQ792,Henan
2287,XCNAQ793,Henan
2288,XCNAQ2583,Henan
2289,XCNAQ2584,Henan
2290,XCNAQ2329,Shandong
2291,XCNAQ2332,Shandong
2292,XCNAQ176,Shandong
2293,XCNAQ2330,Shandong
2294,XCNAQ1258,Shandong
2295,XCNAQ173,Shandong
2296,XCNAQ178,Shandong
2297,XCNAQ2328,Shandong
2298,XCNAQ174,Shandong
2299,XCNAQ175,Shandong
2300,XCNAQ2331,Shandong
2301,XCNAQ2327,Shandong
2302,XCNAQ2578,Henan
2303,XCNAQ2567,Henan
2304,XCNAQ2566,Henan
2305,XCNAQ2568,Henan
2306,XCNAQ2569,Henan
2307,XCNAQ2577,Henan
2308,XCNAQ1293,Henan
2309,XCNAQ2575,Henan
2310,XCNAQ2576,Henan
2311,XCNAQ207,Henan
2312,XCNAQ204,Henan
2313,XCNAQ2564,Henan
2314,XCNAQ2570,Henan
2315,XCNAQ2571,Henan
2316,XCNAQ2563,Henan
2317,XCNAQ2574,Henan
2318,XCNAQ2573,Henan
2319,XCNAQ2572,Henan
2320,XCNAQ2565,Henan
2321,XCNAQ206,Henan
2322,XCNAQ177,Shandong
2323,XCNAQ121,Heilongjiang
2324,XCNAQ118,Heilongjiang
2325,XCNAQ120,Heilongjiang
2326,XCNAQ458,Heilongjiang
2327,XCNAQ119,Heilongjiang
2328,XCNAQ899,Guangxi
2329,XCNAQ897,Guangxi
2330,XCNAQ898,Guangxi
2331,XCNAQ1061,Qinghai
2332,XCNAQ318,Yunnan
2333,XCNAQ1245,Yunnan
2334,XCNAQ1244,Yunnan
2335,XCNAQ215,Hubei
2336,CN_1368A,Guangdong
2337,CN_1367A,Guangdong
2338,CN_1369A,Guangdong
2339,CN_1370A,Guangdong
2340,XCNAQ2815,Macau
2341,XCNAQ2816,Guangdong
2342,XCNAQ2817,Guangdong
2343,XCNAQ480,Liaoning
2344,XCNAQ481,Liaoning
2345,XCNAQ1055,Gansu
2346,XCNAQ957,Sichuan
2347,XCNAQ1275,Sichuan
2348,XCNAQ958,Sichuan
2349,XCNAQ268,Guangxi
2350,XCNAQ641,Jilin
2351,XCNAQ640,Jilin
2352,XCNAQ636,Jilin
2353,XCNAQ637,Jilin
2354,XCNAQ1034,Gansu
2355,XCNAQ1033,Gansu
2356,XCNAQ221,Hunan
2357,XCNAQ086,Liaoning
2358,XCNAQ901,Guangxi
2359,XCNAQ900,Guangxi
2360,XCNAQ857,Hunan
2361,XCNAQ856,Hunan
2362,XCNAQ855,Hunan
2363,XCNAQ858,Hunan
2364,XCNAQ859,Hunan
2365,XCNAQ1217,Jiangsu
2366,CN_1216A,Jiangsu
2367,CN_1218A,Jiangsu
2368,CN_1217A,Jiangsu
2369,XCNAQ1849,Jiangsu
2370,XCNAQ1855,Jiangsu
2371,XCNAQ1850,Jiangsu
2372,XCNAQ1853,Jiangsu
2373,XCNAQ1851,Jiangsu
2374,XCNAQ1854,Jiangsu
2375,CN_1215A,Jiangsu
2376,XCNAQ1852,Jiangsu
2377,XCNAQ290,Sichuan
2378,XCNAQ053,Hebei
2379,XCNAQ213,Hubei
2380,XCNAQ085,Liaoning
2381,XCNAQ384,Liaoning
2382,XCNAQ385,Liaoning
2383,XCNAQ1139,Liaoning
2384,XCNAQ386,Liaoning
2385,XCNAQ1308,Sichuan
2386,XCNAQ1307,Sichuan
2387,XCNAQ930,Sichuan
2388,XCNAQ929,Sichuan
2389,XCNAQ928,Sichuan
2390,XCNAQ927,Sichuan
2391,XCNAQ2872,Ningxia
2392,XCNAQ2873,Ningxia
2393,XCNAQ017,Ningxia
2394,XCNAQ478,Ningxia
2395,XCNAQ1192,Hebei
2396,XCNAQ1350,Hebei
2397,CN_1033A,Hebei
2398,XCNAQ1328,Hebei
2399,XCNAQ1327,Hebei
2400,CN_1034A,Hebei
2401,XCNAQ1330,Hebei
2402,XCNAQ1352,Hebei
2403,CN_1028A,Hebei
2404,XCNAQ1356,Hebei
2405,XCNAQ1348,Hebei
2406,XCNAQ1353,Hebei
2407,XCNAQ1351,Hebei
2408,CN_1035A,Hebei
2409,XCNAQ1354,Hebei
2410,XCNAQ1341,Hebei
2411,XCNAQ1346,Hebei
2412,XCNAQ1336,Hebei
2413,XCNAQ1339,Hebei
2414,XCNAQ1361,Hebei
2415,XCNAQ1329,Hebei
2416,XCNAQ1337,Hebei
2417,XCNAQ1340,Hebei
2418,XCNAQ1334,Hebei
2419,CN_1029A,Hebei
2420,XCNAQ1360,Hebei
2421,XCNAQ1335,Hebei
2422,CN_1031A,Hebei
2423,CN_1032A,Hebei
2424,XCNAQ1357,Hebei
2425,XCNAQ1332,Hebei
2426,XCNAQ1358,Hebei
2427,XCNAQ1342,Hebei
2428,XCNAQ1347,Hebei
2429,XCNAQ1343,Hebei
2430,XCNAQ1359,Hebei
2431,CN_1030A,Hebei
2432,XCNAQ1331,Hebei
2433,XCNAQ1355,Hebei
2434,XCNAQ1338,Hebei
2435,XCNAQ1349,Hebei
2436,XCNAQ1094,Xinjiang
2437,XCNAQ1095,Xinjiang
2438,XCNAQ031,Guangdong
2439,XCNAQ2897,Fujian
2440,XCNAQ2042,Fujian
2441,XCNAQ1256,Fujian
2442,CN_1283A,Fujian
2443,XCNAQ2052,Fujian
2444,XCNAQ2043,Fujian
2445,XCNAQ2032,Fujian
2446,XCNAQ2033,Fujian
2447,CN_1282A,Fujian
2448,CN_1281A,Fujian
2449,CN_1284A,Fujian
2450,XCNAQ2039,Fujian
2451,XCNAQ2048,Fujian
2452,XCNAQ2037,Fujian
2453,XCNAQ2029,Fujian
2454,XCNAQ2051,Fujian
2455,XCNAQ2046,Fujian
2456,XCNAQ2047,Fujian
2457,XCNAQ2045,Fujian
2458,CN_1285A,Fujian
2459,XCNAQ2036,Fujian
2460,XCNAQ2038,Fujian
2461,XCNAQ2034,Fujian
2462,XCNAQ2035,Fujian
2463,XCNAQ2050,Fujian
2464,XCNAQ2896,Fujian
2465,XCNAQ2049,Fujian
2466,XCNAQ2031,Fujian
2467,XCNAQ2030,Fujian
2468,XCNAQ2041,Fujian
2469,XCNAQ2044,Fujian
2470,XCNAQ2040,Fujian
2471,CN_1280A,Fujian
2472,XCNAQ1366,Hebei
2473,CN_1042A,Hebei
2474,XCNAQ1368,Hebei
2475,XCNAQ1365,Hebei
2476,CN_1045A,Hebei
2477,CN_1046A,Hebei
2478,XCNAQ1363,Hebei
2479,XCNAQ1265,Shandong
2480,XCNAQ1362,Hebei
2481,CN_1044A,Hebei
2482,CN_1043A,Hebei
2483,XCNAQ1364,Hebei
2484,XCNAQ1367,Hebei
2485,XCNAQ2878,Shandong
2486,XCNAQ034,Guangdong
2487,XCNAQ032,Guangdong
2488,XCNAQ243,Hunan
2489,XCNAQ082,Neimenggu
2490,XCNAQ055,Shanxi
2491,XCNAQ1252,Yunnan
2492,XCNAQ994,Yunnan
2493,XCNAQ995,Yunnan
2494,XCNAQ993,Yunnan
2495,XCNAQ197,Hebei
2496,XCNAQ1942,Zhejiang
2497,XCNAQ1944,Zhejiang
2498,XCNAQ1938,Zhejiang
2499,CN_1247A,Zhejiang
2500,XCNAQ1940,Zhejiang
2501,XCNAQ1945,Zhejiang
2502,CN_1248A,Zhejiang
2503,XCNAQ1939,Zhejiang
2504,XCNAQ1210,Zhejiang
2505,CN_1246A,Zhejiang
2506,XCNAQ1941,Zhejiang
2507,XCNAQ671,Heilongjiang
2508,XCNAQ672,Heilongjiang
2509,XCNAQ300,Sichuan
2510,XCNAQ302,Sichuan
2511,XCNAQ301,Sichuan
2512,XCNAQ303,Sichuan
2513,XCNAQ2428,Shandong
2514,XCNAQ2429,Shandong
2515,XCNAQ2430,Shandong
2516,XCNAQ2437,Shandong
2517,XCNAQ2436,Shandong
2518,XCNAQ2435,Shandong
2519,XCNAQ450,Shandong
2520,XCNAQ407,Shandong
2521,XCNAQ2432,Shandong
2522,XCNAQ2439,Shandong
2523,XCNAQ2431,Shandong
2524,XCNAQ408,Shandong
2525,XCNAQ2419,Shandong
2526,XCNAQ2421,Shandong
2527,XCNAQ2420,Shandong
2528,XCNAQ1219,Shandong
2529,XCNAQ2887,Shandong
2530,XCNAQ2426,Shandong
2531,XCNAQ2427,Shandong
2532,XCNAQ2425,Shandong
2533,XCNAQ2424,Shandong
2534,XCNAQ2423,Shandong
2535,XCNAQ2438,Shandong
2536,XCNAQ2422,Shandong
2537,XCNAQ2433,Shandong
2538,XCNAQ2434,Shandong
2539,XCNAQ100,Liaoning
2540,CN_1400A,Guangdong
2541,XCNAQ2831,Guangdong
2542,XCNAQ2834,Guangdong
2543,CN_1399A,Guangdong
2544,CN_1398A,Guangdong
2545,XCNAQ2830,Guangdong
2546,XCNAQ2832,Guangdong
2547,CN_1397A,Guangdong
2548,XCNAQ2833,Guangdong
2549,XCNAQ547,Shandong
2550,XCNAQ546,Shandong
2551,XCNAQ530,Shandong
2552,XCNAQ531,Shandong
2553,XCNAQ291,Sichuan
2554,XCNAQ293,Sichuan
2555,XCNAQ1248,Sichuan
2556,XCNAQ1247,Sichuan
2557,CN_1260A,Zhejiang
2558,CN_1258A,Zhejiang
2559,XCNAQ1917,Zhejiang
2560,XCNAQ1918,Zhejiang
2561,CN_1259A,Zhejiang
2562,XCNAQ316,Guizhou
2563,XCNAQ1969,Anhui
2564,XCNAQ141,Anhui
2565,XCNAQ1967,Anhui
2566,XCNAQ139,Anhui
2567,XCNAQ1968,Anhui
2568,XCNAQ140,Anhui
2569,XCNAQ138,Anhui
2570,XCNAQ1966,Anhui
2571,XCNAQ1965,Anhui
2572,CN_1160A,Jiangsu
2573,CN_1161A,Jiangsu
2574,CN_1164A,Jiangsu
2575,CN_1162A,Jiangsu
2576,CN_1167A,Jiangsu
2577,CN_1166A,Jiangsu
2578,CN_1165A,Jiangsu
2579,CN_1163A,Jiangsu
2580,XCNAQ432,Guangdong
2581,XCNAQ430,Guangdong
2582,XCNAQ431,Guangdong
2583,XCNAQ433,Guangdong
2584,XCNAQ2769,Hubei
2585,XCNAQ463,Hubei
2586,XCNAQ214,Hubei
2587,XCNAQ2770,Hubei
2588,XCNAQ2767,Hubei
2589,XCNAQ2771,Hubei
2590,XCNAQ2772,Hubei
2591,XCNAQ2768,Hubei
2592,XCNAQ464,Hubei
2593,XCNAQ2766,Hubei
2594,XCNAQ2754,Hubei
2595,XCNAQ2757,Hubei
2596,XCNAQ830,Hubei
2597,XCNAQ828,Hubei
2598,XCNAQ2755,Hubei
2599,XCNAQ2753,Hubei
2600,XCNAQ829,Hubei
2601,XCNAQ827,Hubei
2602,XCNAQ1232,Hubei
2603,XCNAQ2756,Hubei
2604,XCNAQ258,Guangdong
2605,XCNAQ520,Shandong
2606,XCNAQ521,Shandong
2607,XCNAQ726,Fujian
2608,XCNAQ2060,Fujian
2609,XCNAQ724,Fujian
2610,XCNAQ725,Fujian
2611,XCNAQ722,Fujian
2612,XCNAQ723,Fujian
2613,XCNAQ522,Shandong
2614,XCNAQ523,Shandong
2615,XCNAQ409,Shandong
2616,XCNAQ2391,Shandong
2617,XCNAQ410,Shandong
2618,XCNAQ411,Shandong
2619,XCNAQ1259,Shandong
2620,XCNAQ2389,Shandong
2621,XCNAQ1260,Shandong
2622,XCNAQ2390,Shandong
2623,XCNAQ524,Shandong
2624,XCNAQ525,Shandong
2625,XCNAQ2465,Shandong
2626,XCNAQ2466,Shandong
2627,XCNAQ2457,Shandong
2628,XCNAQ2460,Shandong
2629,XCNAQ2459,Shandong
2630,XCNAQ2470,Henan
2631,XCNAQ2469,Henan
2632,XCNAQ2468,Shandong
2633,XCNAQ2467,Shandong
2634,XCNAQ412,Shandong
2635,XCNAQ413,Shandong
2636,XCNAQ2462,Shandong
2637,XCNAQ2461,Shandong
2638,XCNAQ2458,Shandong
2639,XCNAQ2455,Shandong
2640,XCNAQ2456,Shandong
2641,XCNAQ414,Shandong
2642,XCNAQ2471,Shandong
2643,XCNAQ2472,Shandong
2644,XCNAQ2463,Shandong
2645,XCNAQ2464,Shandong
2646,XCNAQ2168,Jiangxi
2647,XCNAQ748,Jiangxi
2648,XCNAQ751,Jiangxi
2649,XCNAQ749,Jiangxi
2650,XCNAQ750,Jiangxi
2651,XCNAQ747,Jiangxi
2652,XCNAQ2166,Jiangxi
2653,XCNAQ2169,Jiangxi
2654,XCNAQ2167,Jiangxi
2655,XCNAQ387,Liaoning
2656,XCNAQ1137,Liaoning
2657,XCNAQ1136,Liaoning
2658,XCNAQ388,Liaoning
2659,XCNAQ389,Liaoning
2660,XCNAQ390,Liaoning
2661,XCNAQ1138,Liaoning
2662,XCNAQ1143,Liaoning
2663,XCNAQ391,Liaoning
2664,XCNAQ1141,Liaoning
2665,XCNAQ1142,Liaoning
2666,XCNAQ392,Liaoning
2667,XCNAQ393,Liaoning
2668,XCNAQ394,Liaoning
2669,XCNAQ1140,Liaoning
2670,XCNAQ526,Shandong
2671,XCNAQ527,Shandong
2672,XCNAQ677,Anhui
2673,XCNAQ1972,Anhui
2674,XCNAQ1971,Anhui
2675,XCNAQ675,Anhui
2676,XCNAQ1970,Anhui
2677,XCNAQ679,Anhui
2678,XCNAQ676,Anhui
2679,XCNAQ678,Anhui
2680,XCNAQ680,Anhui
2681,XCNAQ1471,Hebei
2682,XCNAQ1472,Hebei
2683,XCNAQ1460,Hebei
2684,XCNAQ1480,Hebei
2685,XCNAQ1481,Hebei
2686,XCNAQ1461,Hebei
2687,XCNAQ1301,Hebei
2688,CN_1076A,Hebei
2689,CN_1075A,Hebei
2690,XCNAQ1468,Hebei
2691,XCNAQ1476,Hebei
2692,XCNAQ1477,Hebei
2693,XCNAQ1469,Hebei
2694,XCNAQ1467,Hebei
2695,XCNAQ1473,Hebei
2696,XCNAQ1475,Hebei
2697,XCNAQ1462,Hebei
2698,XCNAQ1474,Hebei
2699,XCNAQ1465,Hebei
2700,XCNAQ1478,Hebei
2701,XCNAQ1463,Hebei
2702,XCNAQ1470,Hebei
2703,CN_1074A,Hebei
2704,XCNAQ1466,Hebei
2705,XCNAQ1464,Hebei
2706,XCNAQ844,Hunan
2707,XCNAQ847,Hunan
2708,XCNAQ848,Hunan
2709,XCNAQ846,Hunan
2710,XCNAQ849,Hunan
2711,XCNAQ845,Hunan
2712,XCNAQ1916,Zhejiang
2713,CN_1265A,Zhejiang
2714,XCNAQ1913,Zhejiang
2715,XCNAQ1914,Zhejiang
2716,XCNAQ1912,Zhejiang
2717,XCNAQ1915,Zhejiang
2718,CN_1264A,Zhejiang
2719,CN_1266A,Zhejiang
2720,XCNAQ2747,Hubei
2721,XCNAQ2749,Hubei
2722,XCNAQ2746,Hubei
2723,XCNAQ2750,Hubei
2724,XCNAQ1101,Hubei
2725,XCNAQ2748,Hubei
2726,XCNAQ1100,Hubei
2727,XCNAQ1103,Hubei
2728,XCNAQ2745,Hubei
2729,XCNAQ1102,Hubei
2730,XCNAQ999,Yunnan
2731,XCNAQ998,Yunnan
2732,CN_1482A,Qinghai
2733,XCNAQ1184,Qinghai
2734,CN_1480A,Qinghai
2735,CN_1481A,Qinghai
2736,CN_1483A,Qinghai
2737,CN_1471A,Shaanxi
2738,CN_1463A,Shaanxi
2739,CN_1465A,Shaanxi
2740,CN_1466A,Shaanxi
2741,CN_1474A,Shaanxi
2742,CN_1473A,Shaanxi
2743,CN_1464A,Shaanxi
2744,CN_1468A,Shaanxi
2745,CN_1472A,Shaanxi
2746,CN_1469A,Shaanxi
2747,CN_1470A,Shaanxi
2748,CN_1462A,Shaanxi
2749,CN_1467A,Shaanxi
2750,XCNAQ043,Beijing
2751,XCNAQ036,Guangdong
2752,XCNAQ1273,Henan
2753,XCNAQ798,Henan
2754,XCNAQ797,Henan
2755,XCNAQ796,Henan
2756,XCNAQ2595,Henan
2757,XCNAQ2596,Henan
2758,XCNAQ2593,Henan
2759,XCNAQ2594,Henan
2760,XCNAQ2590,Henan
2761,XCNAQ2591,Henan
2762,XCNAQ2592,Henan
2763,XCNAQ2597,Henan
2764,XCNAQ2598,Henan
2765,XCNAQ505,Zhejiang
2766,XCNAQ506,Zhejiang
2767,XCNAQ2898,Zhejiang
2768,XCNAQ893,Guangxi
2769,XCNAQ894,Guangxi
2770,XCNAQ896,Guangxi
2771,XCNAQ895,Guangxi
2772,XCNAQ1132,Guizhou
2773,CN_1444A,Guizhou
2774,CN_1447A,Guizhou
2775,CN_1440A,Guizhou
2776,XCNAQ1134,Guizhou
2777,CN_1446A,Guizhou
2778,CN_1552A,Guizhou
2779,XCNAQ1130,Guizhou
2780,CN_1442A,Guizhou
2781,CN_1443A,Guizhou
2782,XCNAQ1131,Guizhou
2783,CN_1445A,Guizhou
2784,XCNAQ1133,Guizhou
2785,XCNAQ1135,Guizhou
2786,CN_1441A,Guizhou
2787,CN_1439A,Guizhou
2788,XCNAQ903,Guangxi
2789,XCNAQ902,Guangxi
2790,XCNAQ953,Sichuan
2791,XCNAQ951,Sichuan
2792,XCNAQ952,Sichuan
2793,XCNAQ949,Sichuan
2794,XCNAQ950,Sichuan
2795,XCNAQ2197,Jiangxi
2796,XCNAQ2198,Jiangxi
2797,XCNAQ2212,Jiangxi
2798,XCNAQ2211,Jiangxi
2799,XCNAQ2216,Jiangxi
2800,XCNAQ2215,Jiangxi
2801,XCNAQ2193,Jiangxi
2802,XCNAQ2194,Jiangxi
2803,XCNAQ2207,Jiangxi
2804,XCNAQ2208,Jiangxi
2805,XCNAQ2214,Jiangxi
2806,XCNAQ2213,Jiangxi
2807,XCNAQ765,Jiangxi
2808,XCNAQ2191,Jiangxi
2809,XCNAQ2190,Jiangxi
2810,XCNAQ763,Jiangxi
2811,XCNAQ2196,Jiangxi
2812,XCNAQ2195,Jiangxi
2813,XCNAQ2209,Jiangxi
2814,XCNAQ2210,Jiangxi
2815,XCNAQ2202,Jiangxi
2816,XCNAQ2201,Jiangxi
2817,XCNAQ2206,Jiangxi
2818,XCNAQ2205,Jiangxi
2819,XCNAQ2217,Jiangxi
2820,XCNAQ2218,Jiangxi
2821,XCNAQ2200,Jiangxi
2822,XCNAQ2199,Jiangxi
2823,XCNAQ766,Jiangxi
2824,XCNAQ764,Jiangxi
2825,XCNAQ2222,Jiangxi
2826,XCNAQ2221,Jiangxi
2827,XCNAQ2220,Jiangxi
2828,XCNAQ2219,Jiangxi
2829,XCNAQ2192,Jiangxi
2830,XCNAQ762,Jiangxi
2831,XCNAQ2203,Jiangxi
2832,XCNAQ2204,Jiangxi
2833,XCNAQ1754,Neimenggu
2834,XCNAQ451,Neimenggu
2835,XCNAQ081,Neimenggu
2836,XCNAQ1752,Neimenggu
2837,XCNAQ1755,Neimenggu
2838,XCNAQ083,Neimenggu
2839,XCNAQ452,Neimenggu
2840,XCNAQ1756,Neimenggu
2841,XCNAQ1261,Neimenggu
2842,XCNAQ033,Guangdong
2843,XCNAQ633,Jilin
2844,XCNAQ632,Jilin
2845,XCNAQ619,Liaoning
2846,XCNAQ620,Liaoning
2847,XCNAQ1154,Liaoning
2848,XCNAQ1155,Liaoning
2849,XCNAQ1156,Liaoning
2850,XCNAQ618,Liaoning
2851,XCNAQ621,Liaoning
2852,XCNAQ1157,Liaoning
2853,XCNAQ938,Sichuan
2854,XCNAQ940,Sichuan
2855,XCNAQ937,Sichuan
2856,XCNAQ939,Sichuan
2857,XCNAQ936,Sichuan
2858,XCNAQ1675,Shanxi
2859,XCNAQ1676,Shanxi
2860,XCNAQ1669,Shanxi
2861,XCNAQ1666,Shanxi
2862,XCNAQ1664,Shanxi
2863,XCNAQ1680,Shanxi
2864,XCNAQ586,Shanxi
2865,XCNAQ1667,Shanxi
2866,XCNAQ1668,Shanxi
2867,XCNAQ1222,Shanxi
2868,XCNAQ2881,Shanxi
2869,XCNAQ1665,Shanxi
2870,XCNAQ1678,Shanxi
2871,XCNAQ1670,Shanxi
2872,XCNAQ1679,Shanxi
2873,XCNAQ1663,Shanxi
2874,XCNAQ584,Shanxi
2875,XCNAQ587,Shanxi
2876,XCNAQ1672,Shanxi
2877,XCNAQ1673,Shanxi
2878,XCNAQ1671,Shanxi
2879,XCNAQ1677,Shanxi
2880,XCNAQ583,Shanxi
2881,XCNAQ585,Shanxi
2882,XCNAQ340,Gansu
2883,CN_1175A,Jiangsu
2884,CN_1173A,Jiangsu
2885,CN_1176A,Jiangsu
2886,XCNAQ1201,Jiangsu
2887,CN_1174A,Jiangsu
2888,XCNAQ1200,Jiangsu
2889,XCNAQ1199,Jiangsu
2890,XCNAQ1842,Jiangsu
2891,XCNAQ1841,Jiangsu
2892,XCNAQ1840,Jiangsu
2893,XCNAQ1843,Jiangsu
2894,XCNAQ1006,Yunnan
2895,XCNAQ1311,Yunnan
2896,XCNAQ1007,Yunnan
2897,XCNAQ634,Jilin
2898,XCNAQ635,Jilin
2899,XCNAQ008,Beijing
2900,XCNAQ596,Neimenggu
2901,XCNAQ597,Neimenggu
2902,XCNAQ595,Neimenggu
2903,XCNAQ916,Sichuan
2904,XCNAQ915,Sichuan
2905,XCNAQ918,Sichuan
2906,XCNAQ917,Sichuan
2907,XCNAQ317,Guizhou
2908,XCNAQ314,Guizhou
2909,XCNAQ313,Guizhou
2910,XCNAQ315,Guizhou
2911,XCNAQ1407,Hebei
2912,XCNAQ1403,Hebei
2913,XCNAQ1392,Hebei
2914,XCNAQ1400,Hebei
2915,XCNAQ1411,Hebei
2916,XCNAQ1395,Hebei
2917,XCNAQ1404,Hebei
2918,XCNAQ1391,Hebei
2919,XCNAQ1408,Hebei
2920,XCNAQ1401,Hebei
2921,XCNAQ1393,Hebei
2922,XCNAQ1405,Hebei
2923,CN_1080A,Hebei
2924,XCNAQ1406,Hebei
2925,XCNAQ1397,Hebei
2926,XCNAQ1402,Hebei
2927,XCNAQ1410,Hebei
2928,XCNAQ1394,Hebei
2929,XCNAQ1399,Hebei
2930,XCNAQ1409,Hebei
2931,XCNAQ1412,Hebei
2932,CN_1079A,Hebei
2933,CN_1077A,Hebei
2934,CN_1078A,Hebei
2935,XCNAQ1398,Hebei
2936,XCNAQ1280,Xizang
2937,XCNAQ1015,Xizang
2938,XCNAQ1014,Xizang
2939,CN_1050A,Hebei
2940,CN_1048A,Hebei
2941,XCNAQ1381,Hebei
2942,XCNAQ1384,Hebei
2943,XCNAQ1378,Hebei
2944,XCNAQ1370,Hebei
2945,XCNAQ1382,Hebei
2946,XCNAQ1380,Hebei
2947,XCNAQ1375,Hebei
2948,XCNAQ1389,Hebei
2949,XCNAQ1369,Hebei
2950,XCNAQ1386,Hebei
2951,XCNAQ1373,Hebei
2952,XCNAQ1371,Hebei
2953,CN_1047A,Hebei
2954,XCNAQ1390,Hebei
2955,CN_1049A,Hebei
2956,XCNAQ1372,Hebei
2957,XCNAQ1387,Hebei
2958,XCNAQ1383,Hebei
2959,XCNAQ1388,Hebei
2960,XCNAQ1385,Hebei
2961,XCNAQ1374,Hebei
2962,XCNAQ1377,Shandong
2963,XCNAQ1379,Hebei
2964,XCNAQ1376,Hebei
2965,XCNAQ851,Hunan
2966,XCNAQ852,Hunan
2967,XCNAQ850,Hunan
2968,XCNAQ854,Hunan
2969,XCNAQ853,Hunan
2970,XCNAQ345,Ningxia
2971,XCNAQ2475,Henan
2972,XCNAQ2474,Henan
2973,XCNAQ2885,Henan
2974,XCNAQ2476,Henan
2975,CN_1319A,Henan
2976,XCNAQ2488,Henan
2977,CN_1321A,Henan
2978,CN_1324A,Henan
2979,XCNAQ2477,Henan
2980,XCNAQ2478,Henan
2981,CN_1322A,Henan
2982,XCNAQ2481,Henan
2983,XCNAQ2482,Henan
2984,XCNAQ2484,Henan
2985,XCNAQ2485,Henan
2986,XCNAQ2483,Henan
2987,CN_1323A,Henan
2988,CN_1316A,Henan
2989,XCNAQ2487,Henan
2990,XCNAQ2486,Henan
2991,CN_1320A,Henan
2992,XCNAQ2479,Henan
2993,XCNAQ2480,Henan
2994,CN_1317A,Henan
2995,CN_1318A,Henan
2996,XCNAQ862,Hunan
2997,XCNAQ863,Hunan
2998,XCNAQ864,Hunan
2999,XCNAQ861,Hunan
3000,XCNAQ860,Hunan
3001,XCNAQ1763,Neimenggu
3002,XCNAQ1761,Neimenggu
3003,XCNAQ375,Neimenggu
3004,XCNAQ1759,Neimenggu
3005,XCNAQ1762,Neimenggu
3006,XCNAQ376,Neimenggu
3007,XCNAQ377,Neimenggu
3008,XCNAQ378,Neimenggu
3009,XCNAQ1764,Neimenggu
3010,XCNAQ1758,Neimenggu
3011,XCNAQ1757,Neimenggu
3012,XCNAQ2905,Neimenggu
3013,XCNAQ379,Neimenggu
3014,XCNAQ1760,Neimenggu
3015,XCNAQ1766,Neimenggu
3016,XCNAQ1765,Neimenggu
3017,XCNAQ826,Hubei
3018,XCNAQ2751,Hubei
3019,XCNAQ824,Hubei
3020,XCNAQ2752,Hubei
3021,XCNAQ825,Hubei
3022,XCNAQ1044,Gansu
3023,XCNAQ1045,Gansu
3024,XCNAQ1264,Chongqing
3025,CN_1417A,Chongqing
3026,CN_1419A,Chongqing
3027,CN_1430A,Chongqing
3028,CN_1420A,Chongqing
3029,CN_1416A,Chongqing
3030,CN_1426A,Chongqing
3031,CN_1424A,Chongqing
3032,XCNAQ1236,Chongqing
3033,CN_1422A,Chongqing
3034,CN_1427A,Chongqing
3035,CN_1425A,Chongqing
3036,CN_1414A,Chongqing
3037,CN_1421A,Chongqing
3038,CN_1428A,Chongqing
3039,CN_1418A,Chongqing
3040,CN_1423A,Chongqing
3041,CN_1415A,Chongqing
3042,CN_1429A,Chongqing
3043,XCNAQ1237,Chongqing
3044,XCNAQ1238,Chongqing
3045,XCNAQ1954,Zhejiang
3046,XCNAQ1951,Zhejiang
3047,XCNAQ1952,Zhejiang
3048,CN_1262A,Zhejiang
3049,XCNAQ1947,Zhejiang
3050,CN_1261A,Zhejiang
3051,XCNAQ1957,Zhejiang
3052,XCNAQ1946,Zhejiang
3053,XCNAQ1953,Zhejiang
3054,XCNAQ1948,Zhejiang
3055,XCNAQ1218,Zhejiang
3056,XCNAQ1955,Zhejiang
3057,XCNAQ1949,Zhejiang
3058,CN_1263A,Zhejiang
3059,XCNAQ1956,Zhejiang
3060,XCNAQ496,Jiangsu
3061,XCNAQ497,Jiangsu
3062,XCNAQ342,Gansu
3063,XCNAQ1299,Gansu
3064,XCNAQ341,Gansu
3065,XCNAQ477,Gansu
3066,XCNAQ029,Guangdong
3067,XCNAQ307,Sichuan
3068,XCNAQ295,Sichuan
3069,XCNAQ052,Hebei
3070,XCNAQ891,Guangxi
3071,XCNAQ890,Guangxi
3072,XCNAQ892,Guangxi
3073,XCNAQ624,Liaoning
3074,XCNAQ623,Liaoning
3075,XCNAQ1158,Liaoning
3076,XCNAQ625,Liaoning
3077,XCNAQ622,Liaoning
3078,XCNAQ1159,Liaoning
3079,XCNAQ974,Guizhou
3080,XCNAQ973,Guizhou
3081,XCNAQ327,Shaanxi
3082,XCNAQ370,Shaanxi
3083,XCNAQ326,Shaanxi
3084,XCNAQ328,Shaanxi
3085,XCNAQ1981,Anhui
3086,XCNAQ691,Anhui
3087,XCNAQ692,Anhui
3088,XCNAQ693,Anhui
3089,XCNAQ690,Anhui
3090,XCNAQ695,Anhui
3091,XCNAQ1982,Anhui
3092,XCNAQ694,Anhui
3093,XCNAQ1213,Ningxia
3094,CN_1489A,Ningxia
3095,CN_1487A,Ningxia
3096,CN_1486A,Ningxia
3097,XCNAQ1214,Ningxia
3098,XCNAQ1212,Ningxia
3099,CN_1488A,Ningxia
3100,CN_1484A,Ningxia
3101,CN_1485A,Ningxia
3102,XCNAQ1783,Neimenggu
3103,XCNAQ609,Neimenggu
3104,XCNAQ608,Neimenggu
3105,XCNAQ1782,Neimenggu
3106,XCNAQ1781,Neimenggu
3107,XCNAQ1785,Neimenggu
3108,XCNAQ088,Liaoning
3109,XCNAQ087,Liaoning
3110,XCNAQ1153,Liaoning
3111,XCNAQ360,Liaoning
3112,XCNAQ1152,Liaoning
3113,CN_1205A,Jiangsu
3114,XCNAQ1202,Jiangsu
3115,CN_1203A,Jiangsu
3116,CN_1202A,Jiangsu
3117,CN_1204A,Jiangsu
3118,XCNAQ1860,Jiangsu
3119,XCNAQ1861,Jiangsu
3120,CN_1124A,Jilin
3121,CN_1121A,Jilin
3122,CN_1123A,Jilin
3123,CN_1120A,Jilin
3124,CN_1128A,Jilin
3125,CN_1125A,Jilin
3126,CN_1126A,Jilin
3127,CN_1122A,Jilin
3128,CN_1119A,Jilin
3129,CN_1127A,Jilin
3130,CN_1340A,Hunan
3131,CN_1342A,Hunan
3132,CN_1344A,Hunan
3133,CN_1343A,Hunan
3134,CN_1338A,Hunan
3135,CN_1341A,Hunan
3136,CN_1335A,Hunan
3137,CN_1339A,Hunan
3138,CN_1337A,Hunan
3139,CN_1336A,Hunan
3140,XCNAQ1615,Shanxi
3141,XCNAQ1605,Shanxi
3142,XCNAQ1600,Shanxi
3143,XCNAQ1601,Shanxi
3144,XCNAQ1618,Shanxi
3145,XCNAQ1609,Shanxi
3146,XCNAQ1620,Shanxi
3147,XCNAQ1611,Shanxi
3148,XCNAQ1616,Shanxi
3149,XCNAQ1613,Shanxi
3150,XCNAQ1604,Shanxi
3151,XCNAQ062,Shanxi
3152,XCNAQ1607,Shanxi
3153,XCNAQ1178,Shanxi
3154,XCNAQ1606,Shanxi
3155,XCNAQ1617,Shanxi
3156,XCNAQ1619,Shanxi
3157,XCNAQ1610,Shanxi
3158,XCNAQ1622,Shanxi
3159,XCNAQ1602,Shanxi
3160,XCNAQ064,Shanxi
3161,XCNAQ1603,Shanxi
3162,XCNAQ1608,Shanxi
3163,XCNAQ061,Shanxi
3164,XCNAQ1614,Shanxi
3165,XCNAQ363,Shanxi
3166,XCNAQ1621,Shanxi
3167,XCNAQ006,Beijing
3168,XCNAQ1177,Liaoning
3169,XCNAQ614,Liaoning
3170,XCNAQ615,Liaoning
3171,XCNAQ613,Liaoning
3172,XCNAQ617,Liaoning
3173,XCNAQ616,Liaoning
3174,XCNAQ1176,Liaoning
3175,XCNAQ2003,Anhui
3176,XCNAQ2004,Anhui
3177,XCNAQ705,Anhui
3178,XCNAQ704,Anhui
3179,XCNAQ706,Anhui
3180,XCNAQ2002,Anhui
3181,XCNAQ2001,Anhui
3182,XCNAQ1225,Anhui
3183,XCNAQ2000,Anhui
3184,XCNAQ2005,Anhui
3185,XCNAQ2006,Anhui
3186,XCNAQ889,Guangxi
3187,XCNAQ887,Guangxi
3188,XCNAQ888,Guangxi
3189,XCNAQ442,Guangdong
3190,XCNAQ441,Guangdong
3191,XCNAQ440,Guangdong
3192,XCNAQ1599,Shanxi
3193,XCNAQ1597,Shanxi
3194,XCNAQ1595,Shanxi
3195,XCNAQ074,Shanxi
3196,XCNAQ076,Shanxi
3197,XCNAQ075,Shanxi
3198,XCNAQ364,Shanxi
3199,XCNAQ1598,Shanxi
3200,XCNAQ1596,Shanxi
3201,XCNAQ073,Shanxi
3202,XCNAQ071,Shanxi
3203,XCNAQ1081,Xinjiang
3204,XCNAQ1082,Xinjiang
3205,XCNAQ1092,Xinjiang
3206,XCNAQ1093,Xinjiang
3207,XCNAQ954,Sichuan
3208,XCNAQ955,Sichuan
3209,XCNAQ956,Sichuan
3210,XCNAQ610,Neimenggu
3211,XCNAQ612,Neimenggu
3212,XCNAQ611,Neimenggu
3213,XCNAQ1017,Xizang
3214,XCNAQ1016,Xizang
3215,XCNAQ1052,Gansu
3216,XCNAQ1051,Gansu
3217,XCNAQ1231,Gansu
3218,XCNAQ839,Hubei
3219,XCNAQ840,Hubei
3220,XCNAQ841,Hubei
3221,XCNAQ2788,Hubei
3222,XCNAQ2787,Hubei
3223,XCNAQ941,Sichuan
3224,XCNAQ944,Sichuan
3225,XCNAQ943,Sichuan
3226,XCNAQ942,Sichuan
3227,CN_1307A,Shandong
3228,XCNAQ2286,Shandong
3229,XCNAQ2287,Shandong
3230,CN_1311A,Shandong
3231,XCNAQ2288,Shandong
3232,CN_1315A,Shandong
3233,XCNAQ2289,Shandong
3234,CN_1313A,Shandong
3235,CN_1309A,Shandong
3236,CN_1310A,Shandong
3237,CN_1312A,Shandong
3238,XCNAQ2290,Shandong
3239,XCNAQ2291,Shandong
3240,XCNAQ2292,Shandong
3241,XCNAQ2293,Shandong
3242,CN_1308A,Shandong
3243,XCNAQ2294,Shandong
3244,XCNAQ2295,Shandong
3245,XCNAQ2300,Shandong
3246,XCNAQ2301,Shandong
3247,XCNAQ2296,Shandong
3248,XCNAQ2297,Shandong
3249,XCNAQ2298,Shandong
3250,XCNAQ2299,Shandong
3251,CN_1314A,Shandong
3252,XCNAQ092,Liaoning
3253,XCNAQ093,Liaoning
3254,XCNAQ353,Liaoning
3255,XCNAQ094,Liaoning
3256,XCNAQ095,Liaoning
3257,XCNAQ1170,Liaoning
3258,XCNAQ090,Liaoning
3259,XCNAQ263,Guangdong
3260,XCNAQ262,Guangdong
3261,XCNAQ264,Guangdong
3262,XCNAQ261,Guangdong
3263,XCNAQ265,Guangdong
3264,XCNAQ1978,Anhui
3265,XCNAQ1975,Anhui
3266,XCNAQ1976,Anhui
3267,XCNAQ134,Anhui
3268,XCNAQ135,Anhui
3269,XCNAQ1977,Anhui
3270,XCNAQ136,Anhui
3271,XCNAQ133,Anhui
3272,XCNAQ137,Anhui
3273,XCNAQ2683,Henan
3274,XCNAQ2682,Henan
3275,XCNAQ814,Henan
3276,XCNAQ812,Henan
3277,XCNAQ813,Henan
3278,XCNAQ2684,Henan
3279,XCNAQ2685,Henan
3280,XCNAQ2696,Henan
3281,XCNAQ2697,Henan
3282,XCNAQ2687,Henan
3283,XCNAQ2686,Henan
3284,XCNAQ2693,Henan
3285,XCNAQ2692,Henan
3286,XCNAQ2691,Henan
3287,XCNAQ2690,Henan
3288,XCNAQ2689,Henan
3289,XCNAQ2688,Henan
3290,XCNAQ2681,Henan
3291,XCNAQ2680,Henan
3292,XCNAQ2694,Henan
3293,XCNAQ2695,Henan
3294,XCNAQ648,Heilongjiang
3295,XCNAQ645,Heilongjiang
3296,XCNAQ647,Heilongjiang
3297,XCNAQ646,Heilongjiang
3298,XCNAQ786,Henan
3299,XCNAQ785,Henan
3300,XCNAQ2541,Henan
3301,XCNAQ2540,Henan
3302,XCNAQ2543,Henan
3303,XCNAQ2542,Henan
3304,XCNAQ787,Henan
3305,XCNAQ2544,Henan
3306,XCNAQ651,Heilongjiang
3307,XCNAQ652,Heilongjiang
3308,XCNAQ649,Heilongjiang
3309,XCNAQ650,Heilongjiang
3310,XCNAQ761,Jiangxi
3311,XCNAQ760,Jiangxi
3312,XCNAQ2185,Jiangxi
3313,XCNAQ2186,Jiangxi
3314,XCNAQ758,Jiangxi
3315,XCNAQ759,Jiangxi
3316,XCNAQ2189,Jiangxi
3317,XCNAQ2187,Jiangxi
3318,XCNAQ2188,Jiangxi
3319,XCNAQ757,Jiangxi
3320,XCNAQ023,Guangdong
3321,XCNAQ2780,Hubei
3322,XCNAQ833,Hubei
3323,XCNAQ2774,Jiangxi
3324,XCNAQ2775,Hubei
3325,XCNAQ1235,Hubei
3326,XCNAQ2776,Hubei
3327,XCNAQ2777,Hubei
3328,XCNAQ834,Hubei
3329,XCNAQ2773,Hubei
3330,XCNAQ2779,Hubei
3331,XCNAQ2778,Hubei
3332,XCNAQ1058,Qinghai
3333,XCNAQ1991,Anhui
3334,XCNAQ1106,Anhui
3335,XCNAQ1990,Anhui
3336,XCNAQ1993,Anhui
3337,XCNAQ1992,Anhui
3338,XCNAQ1107,Anhui
3339,XCNAQ700,Anhui
3340,XCNAQ2891,Anhui
3341,XCNAQ819,Hubei
3342,XCNAQ2719,Hubei
3343,XCNAQ817,Hubei
3344,XCNAQ815,Hubei
3345,XCNAQ1306,Hubei
3346,XCNAQ818,Hubei
3347,XCNAQ2718,Hubei
3348,XCNAQ816,Hubei
3349,XCNAQ668,Heilongjiang
3350,XCNAQ669,Heilongjiang
3351,XCNAQ670,Heilongjiang
3352,XCNAQ1230,Guizhou
3353,XCNAQ979,Guizhou
3354,XCNAQ980,Guizhou
3355,XCNAQ981,Guizhou
3356,XCNAQ977,Guizhou
3357,XCNAQ978,Guizhou
3358,XCNAQ220,Hunan
3359,XCNAQ117,Heilongjiang
3360,XCNAQ115,Heilongjiang
3361,XCNAQ113,Heilongjiang
3362,XCNAQ116,Heilongjiang
3363,XCNAQ456,Heilongjiang
3364,XCNAQ2138,Fujian
3365,XCNAQ2139,Fujian
3366,XCNAQ2137,Fujian
3367,XCNAQ2142,Fujian
3368,XCNAQ2141,Fujian
3369,XCNAQ2140,Fujian
3370,XCNAQ2135,Fujian
3371,XCNAQ2136,Fujian
3372,XCNAQ737,Fujian
3373,XCNAQ738,Fujian
3374,XCNAQ736,Fujian
3375,XCNAQ735,Fujian
